DevID,B,C,nthvalue,1,2,3,4
 [02],[00],[FF],[0],[00],[00],[00],[00]
 [02],[00],[00],[1],[63],[07],[c0],[d4]
 [02],[00],[00],[2],[63],[07],[c0],[d4]
 [02],[00],[00],[3],[63],[07],[c0],[d3]
 [02],[00],[FF],[4],[00],[00],[00],[00]
 [02],[00],[00],[5],[62],[07],[c0],[d3]
 [02],[00],[00],[6],[62],[07],[c0],[d3]
 [02],[00],[00],[7],[62],[07],[bf],[d2]
 [02],[00],[00],[8],[62],[07],[bf],[d2]
 [02],[00],[00],[9],[62],[06],[bf],[d2]
 [02],[00],[00],[a],[62],[06],[c0],[d1]
 [02],[00],[00],[b],[62],[06],[c0],[d1]
 [02],[00],[00],[c],[62],[06],[c1],[d1]
 [02],[00],[00],[d],[63],[05],[c1],[d1]
 [02],[00],[00],[e],[62],[05],[c1],[d1]
 [02],[00],[00],[f],[62],[05],[c1],[d1]
 [02],[00],[FF],[10],[00],[00],[00],[00]
 [02],[00],[00],[11],[62],[05],[c1],[d1]
 [02],[00],[00],[12],[62],[04],[c1],[d1]
 [02],[00],[00],[13],[62],[04],[c1],[d1]
 [02],[00],[00],[14],[62],[04],[c1],[d0]
 [02],[00],[00],[15],[62],[04],[c1],[d0]
 [02],[00],[00],[16],[62],[04],[c1],[d0]
 [02],[00],[00],[17],[62],[05],[c0],[d0]
 [02],[00],[00],[18],[61],[05],[c0],[d0]
 [02],[00],[FF],[19],[00],[00],[00],[00]
 [02],[00],[00],[1a],[61],[05],[bf],[cf]
 [02],[00],[00],[1b],[60],[05],[bf],[cf]
 [02],[00],[00],[1c],[60],[04],[bf],[cf]
 [02],[00],[00],[1d],[60],[04],[bf],[cf]
 [02],[00],[00],[1e],[60],[04],[be],[cf]
 [02],[00],[00],[1f],[60],[04],[be],[cf]
 [02],[00],[FF],[20],[00],[00],[00],[00]
 [02],[00],[00],[21],[60],[04],[bf],[cf]
 [02],[00],[00],[22],[61],[04],[c0],[cf]
 [02],[00],[00],[23],[61],[04],[c0],[cf]
 [02],[00],[00],[24],[61],[04],[c1],[cf]
 [02],[00],[00],[25],[61],[04],[c1],[cf]
 [02],[00],[00],[26],[61],[04],[c1],[cf]
 [02],[00],[00],[27],[62],[04],[c1],[cf]
 [02],[00],[00],[28],[61],[04],[c1],[ce]
 [02],[00],[00],[29],[61],[04],[c1],[ce]
 [02],[00],[00],[2a],[61],[04],[c1],[ce]
 [02],[00],[00],[2b],[61],[03],[c1],[ce]
 [02],[00],[00],[2c],[61],[04],[c1],[ce]
 [02],[00],[00],[2d],[61],[03],[c1],[ce]
 [02],[00],[00],[2e],[61],[03],[c1],[ce]
 [02],[00],[00],[2f],[61],[03],[c1],[ce]
 [02],[00],[00],[30],[61],[03],[c1],[ce]
 [02],[00],[FF],[31],[00],[00],[00],[00]
 [02],[00],[00],[32],[61],[03],[c1],[ce]
 [02],[00],[00],[33],[61],[03],[c1],[ce]
 [02],[00],[00],[34],[61],[03],[c1],[ce]
 [02],[00],[00],[35],[61],[03],[c1],[ce]
 [02],[00],[00],[36],[61],[03],[c1],[ce]
 [02],[00],[00],[37],[61],[03],[c1],[ce]
 [02],[00],[00],[38],[61],[03],[c1],[ce]
 [02],[00],[00],[39],[61],[03],[c1],[ce]
 [02],[00],[00],[3a],[61],[03],[c0],[ce]
 [02],[00],[00],[3b],[61],[03],[c0],[ce]
 [02],[00],[00],[3c],[60],[03],[c0],[ce]
 [02],[00],[00],[3d],[60],[03],[c0],[ce]
 [02],[00],[00],[3e],[60],[04],[c0],[ce]
 [02],[00],[00],[3f],[60],[03],[c0],[ce]
 [02],[00],[00],[40],[60],[03],[c0],[cd]
 [02],[00],[00],[41],[60],[03],[c0],[cd]
 [02],[00],[00],[42],[60],[03],[c0],[cd]
 [02],[00],[00],[43],[60],[03],[c0],[cd]
 [02],[00],[00],[44],[60],[03],[c1],[cd]
 [02],[00],[00],[45],[61],[03],[c1],[cd]
 [02],[00],[00],[46],[61],[03],[c1],[cd]
 [02],[00],[00],[47],[61],[03],[c1],[ce]
 [02],[00],[00],[48],[61],[03],[c1],[cd]
 [02],[00],[00],[49],[61],[03],[c0],[ce]
 [02],[00],[00],[4a],[61],[03],[c0],[ce]
 [02],[00],[00],[4b],[61],[03],[c0],[ce]
 [02],[00],[00],[4c],[61],[03],[c0],[ce]
 [02],[00],[00],[4d],[61],[02],[c0],[ce]
 [02],[00],[00],[4e],[61],[02],[c1],[cd]
 [02],[00],[00],[4f],[61],[02],[c1],[ce]
 [02],[00],[00],[50],[61],[03],[c1],[ce]
 [02],[00],[00],[51],[61],[03],[c0],[ce]
 [02],[00],[00],[52],[61],[03],[c0],[ce]
 [02],[00],[FF],[53],[00],[00],[00],[00]
 [02],[00],[00],[54],[60],[03],[c0],[ce]
 [02],[00],[00],[55],[60],[03],[c0],[ce]
 [02],[00],[00],[56],[60],[03],[c0],[ce]
 [02],[00],[00],[57],[60],[03],[c0],[ce]
 [02],[00],[00],[58],[60],[03],[c0],[ce]
 [02],[00],[00],[59],[60],[03],[c0],[ce]
 [02],[00],[00],[5a],[60],[03],[c0],[ce]
 [02],[00],[00],[5b],[60],[03],[c0],[ce]
 [02],[00],[FF],[5c],[00],[00],[00],[00]
 [02],[00],[00],[5d],[61],[03],[c1],[ce]
 [02],[00],[00],[5e],[61],[03],[c1],[ce]
 [02],[00],[00],[5f],[61],[03],[c1],[ce]
 [02],[00],[00],[60],[61],[03],[c1],[ce]
 [02],[00],[FF],[61],[00],[00],[00],[00]
 [02],[00],[00],[62],[61],[03],[c1],[ce]
 [02],[00],[00],[63],[61],[03],[c1],[cd]
 [02],[00],[00],[64],[61],[03],[c1],[cd]
 [02],[00],[00],[65],[61],[03],[c1],[cd]
 [02],[00],[00],[66],[61],[03],[c1],[cd]
 [02],[00],[00],[67],[61],[03],[c1],[ce]
 [02],[00],[00],[68],[61],[03],[c1],[ce]
 [02],[00],[00],[69],[61],[03],[c0],[ce]
 [02],[00],[00],[6a],[60],[03],[c0],[ce]
 [02],[00],[00],[6b],[60],[03],[c0],[ce]
 [02],[00],[FF],[6c],[00],[00],[00],[00]
 [02],[00],[00],[6d],[60],[03],[bf],[ce]
 [02],[00],[00],[6e],[60],[03],[c0],[ce]
 [02],[00],[00],[6f],[60],[03],[c0],[ce]
 [02],[00],[00],[70],[60],[03],[c0],[ce]
 [02],[00],[00],[71],[61],[03],[c0],[ce]
 [02],[00],[00],[72],[61],[03],[c0],[ce]
 [02],[00],[FF],[73],[00],[00],[00],[00]
 [02],[00],[FF],[74],[00],[00],[00],[00]
 [02],[00],[00],[75],[61],[03],[c1],[ce]
 [02],[00],[00],[76],[61],[03],[c1],[ce]
 [02],[00],[00],[77],[61],[03],[c1],[ce]
 [02],[00],[00],[78],[61],[03],[c1],[ce]
 [02],[00],[00],[79],[61],[03],[c1],[ce]
 [02],[00],[FF],[7a],[00],[00],[00],[00]
 [02],[00],[FF],[7b],[00],[00],[00],[00]
 [02],[00],[00],[7c],[61],[03],[c1],[ce]
 [02],[00],[FF],[7d],[00],[00],[00],[00]
 [02],[00],[00],[7e],[61],[03],[c1],[ce]
 [02],[00],[00],[7f],[61],[03],[c0],[ce]
 [02],[00],[FF],[80],[00],[00],[00],[00]
 [02],[00],[FF],[81],[00],[00],[00],[00]
 [02],[00],[00],[82],[60],[04],[c0],[ce]
 [02],[00],[FF],[83],[00],[00],[00],[00]
 [02],[00],[FF],[84],[00],[00],[00],[00]
 [02],[00],[00],[85],[60],[04],[bf],[ce]
 [02],[00],[00],[86],[60],[03],[bf],[ce]
 [02],[00],[00],[87],[60],[03],[c0],[ce]
 [02],[00],[00],[88],[60],[03],[c0],[ce]
 [02],[00],[FF],[89],[00],[00],[00],[00]
 [02],[00],[00],[8a],[61],[03],[c0],[ce]
 [02],[00],[FF],[8b],[00],[00],[00],[00]
 [02],[00],[FF],[8c],[00],[00],[00],[00]
 [02],[00],[00],[8d],[61],[03],[c0],[ce]
 [02],[00],[00],[8e],[61],[03],[c0],[ce]
 [02],[00],[00],[8f],[61],[03],[c0],[ce]
 [02],[00],[00],[90],[61],[03],[c0],[ce]
 [02],[00],[00],[91],[61],[03],[c0],[ce]
 [02],[00],[00],[92],[60],[03],[c0],[ce]
 [02],[00],[00],[93],[60],[04],[bf],[cf]
 [02],[00],[FF],[94],[00],[00],[00],[00]
 [02],[00],[00],[95],[60],[03],[bf],[ce]
 [02],[00],[00],[96],[60],[03],[bf],[ce]
 [02],[00],[00],[97],[60],[03],[c0],[ce]
 [02],[00],[00],[98],[60],[03],[c0],[ce]
 [02],[00],[00],[99],[60],[03],[c0],[ce]
 [02],[00],[00],[9a],[61],[03],[c0],[ce]
 [02],[00],[00],[9b],[61],[03],[c0],[ce]
 [02],[00],[00],[9c],[61],[03],[c0],[ce]
 [02],[00],[FF],[9d],[00],[00],[00],[00]
 [02],[00],[00],[9e],[61],[03],[c0],[ce]
 [02],[00],[00],[9f],[61],[03],[c0],[ce]
 [02],[00],[00],[a0],[61],[03],[c0],[ce]
 [02],[00],[FF],[a1],[00],[00],[00],[00]
 [02],[00],[00],[a2],[61],[03],[c0],[ce]
 [02],[00],[00],[a3],[60],[03],[c0],[ce]
 [02],[00],[FF],[a4],[00],[00],[00],[00]
 [02],[00],[00],[a5],[60],[04],[c0],[ce]
 [02],[00],[00],[a6],[60],[04],[c0],[ce]
 [02],[00],[FF],[a7],[00],[00],[00],[00]
 [02],[00],[FF],[a8],[00],[00],[00],[00]
 [02],[00],[FF],[a9],[00],[00],[00],[00]
 [02],[00],[00],[aa],[60],[04],[bf],[ce]
 [02],[00],[FF],[ab],[00],[00],[00],[00]
 [02],[00],[FF],[ac],[00],[00],[00],[00]
 [02],[00],[FF],[ad],[00],[00],[00],[00]
 [02],[00],[00],[ae],[60],[03],[c0],[ce]
 [02],[00],[00],[af],[60],[04],[c0],[ce]
 [02],[00],[00],[b0],[60],[03],[c0],[ce]
 [02],[00],[00],[b1],[60],[03],[c0],[ce]
 [02],[00],[FF],[b2],[00],[00],[00],[00]
 [02],[00],[FF],[b3],[00],[00],[00],[00]
 [02],[00],[00],[b4],[61],[03],[c0],[ce]
 [02],[00],[00],[b5],[61],[03],[c0],[ce]
 [02],[00],[00],[b6],[61],[03],[c1],[ce]
 [02],[00],[FF],[b7],[00],[00],[00],[00]
 [02],[00],[00],[b8],[61],[03],[c1],[ce]
 [02],[00],[00],[b9],[61],[03],[c1],[cd]
 [02],[00],[00],[ba],[60],[03],[c0],[ce]
 [02],[00],[00],[bb],[60],[03],[c0],[ce]
 [02],[00],[00],[bc],[60],[03],[c0],[ce]
 [02],[00],[00],[bd],[60],[03],[c0],[ce]
 [02],[00],[00],[be],[60],[03],[c0],[ce]
 [02],[00],[00],[bf],[60],[03],[bf],[ce]
 [02],[00],[00],[c0],[60],[04],[bf],[ce]
 [02],[00],[00],[c1],[60],[04],[bf],[ce]
 [02],[00],[00],[c2],[60],[04],[bf],[ce]
 [02],[00],[00],[c3],[60],[04],[bf],[ce]
 [02],[00],[FF],[c4],[00],[00],[00],[00]
 [02],[00],[00],[c5],[60],[03],[bf],[ce]
 [02],[00],[00],[c6],[60],[03],[bf],[ce]
 [02],[00],[00],[c7],[60],[03],[c0],[ce]
 [02],[00],[00],[c8],[60],[03],[c0],[ce]
 [02],[00],[FF],[c9],[00],[00],[00],[00]
 [02],[00],[00],[ca],[60],[03],[c0],[ce]
 [02],[00],[00],[cb],[60],[02],[c0],[ce]
 [02],[00],[00],[cc],[60],[02],[c0],[ce]
 [02],[00],[FF],[cd],[00],[00],[00],[00]
 [02],[00],[00],[ce],[61],[02],[c0],[ce]
 [02],[00],[00],[cf],[61],[02],[c0],[ce]
 [02],[00],[00],[d0],[60],[02],[c0],[ce]
 [02],[00],[00],[d1],[60],[03],[c0],[ce]
 [02],[00],[00],[d2],[61],[03],[c0],[ce]
 [02],[00],[00],[d3],[60],[03],[c0],[ce]
 [02],[00],[FF],[d4],[00],[00],[00],[00]
 [02],[00],[00],[d5],[61],[03],[c0],[ce]
 [02],[00],[00],[d6],[61],[04],[c0],[cf]
 [02],[00],[00],[d7],[61],[03],[c0],[cf]
 [02],[00],[FF],[d8],[00],[00],[00],[00]
 [02],[00],[00],[d9],[61],[03],[c1],[cf]
 [02],[00],[00],[da],[62],[04],[c1],[cf]
 [02],[00],[00],[db],[62],[03],[c1],[cf]
 [02],[00],[00],[dc],[62],[03],[c1],[cf]
 [02],[00],[00],[dd],[62],[03],[c1],[cf]
 [02],[00],[00],[de],[62],[04],[c2],[cf]
 [02],[00],[00],[df],[62],[04],[c2],[cf]
 [02],[00],[00],[e0],[62],[04],[c2],[cf]
 [02],[00],[00],[e1],[62],[04],[c1],[cf]
 [02],[00],[00],[e2],[61],[04],[c1],[cf]
 [02],[00],[00],[e3],[61],[04],[c1],[cf]
 [02],[00],[00],[e4],[61],[04],[c1],[cf]
 [02],[00],[00],[e5],[61],[04],[c0],[cf]
 [02],[00],[FF],[e6],[00],[00],[00],[00]
 [02],[00],[00],[e7],[61],[04],[c0],[ce]
 [02],[00],[00],[e8],[60],[04],[bf],[ce]
 [02],[00],[00],[e9],[60],[04],[bf],[ce]
 [02],[00],[00],[ea],[60],[04],[c0],[ce]
 [02],[00],[00],[eb],[60],[04],[c0],[ce]
 [02],[00],[00],[ec],[61],[04],[c0],[ce]
 [02],[00],[00],[ed],[61],[04],[c1],[ce]
 [02],[00],[00],[ee],[61],[04],[c1],[ce]
 [02],[00],[00],[ef],[61],[04],[c1],[ce]
 [02],[00],[00],[f0],[61],[04],[c1],[ce]
 [02],[00],[00],[f1],[61],[03],[c2],[ce]
 [02],[00],[00],[f2],[61],[03],[c2],[ce]
 [02],[00],[00],[f3],[61],[03],[c2],[ce]
 [02],[00],[00],[f4],[61],[03],[c2],[ce]
 [02],[00],[00],[f5],[62],[03],[c2],[ce]
 [02],[00],[00],[f6],[62],[03],[c2],[ce]
 [02],[00],[00],[f7],[62],[03],[c2],[ce]
 [02],[00],[00],[f8],[62],[03],[c2],[ce]
 [02],[00],[00],[f9],[62],[03],[c2],[ce]
 [02],[00],[00],[fa],[62],[03],[c2],[ce]
 [02],[00],[00],[fb],[61],[03],[c2],[ce]
 [02],[00],[00],[fc],[61],[03],[c2],[ce]
 [02],[00],[00],[fd],[61],[03],[c2],[ce]
 [02],[00],[00],[fe],[61],[03],[c1],[ce]
 [02],[00],[00],[ff],[61],[04],[c1],[ce]
 [02],[00],[00],[0],[61],[04],[c1],[ce]
 [02],[00],[00],[1],[61],[04],[c0],[ce]
 [02],[00],[00],[2],[60],[04],[c0],[ce]
 [02],[00],[FF],[3],[00],[00],[00],[00]
 [02],[00],[00],[4],[61],[04],[c0],[ce]
 [02],[00],[00],[5],[61],[04],[c1],[ce]
 [02],[00],[00],[6],[61],[03],[c1],[ce]
 [02],[00],[00],[7],[61],[03],[c1],[ce]
 [02],[00],[00],[8],[61],[03],[c2],[ce]
 [02],[00],[00],[9],[61],[03],[c2],[ce]
 [02],[00],[00],[a],[61],[03],[c2],[cd]
 [02],[00],[00],[b],[62],[03],[c2],[cd]
 [02],[00],[00],[c],[62],[03],[c2],[cd]
 [02],[00],[00],[d],[62],[03],[c2],[cd]
 [02],[00],[00],[e],[62],[03],[c2],[cd]
 [02],[00],[00],[f],[62],[03],[c2],[ce]
 [02],[00],[00],[10],[62],[03],[c2],[cd]
 [02],[00],[00],[11],[62],[03],[c3],[ce]
 [02],[00],[00],[12],[62],[04],[c2],[ce]
 [02],[00],[00],[13],[62],[04],[c2],[ce]
 [02],[00],[00],[14],[62],[04],[c2],[cd]
 [02],[00],[00],[15],[62],[04],[c2],[cd]
 [02],[00],[00],[16],[61],[04],[c2],[cd]
 [02],[00],[00],[17],[61],[04],[c2],[cd]
 [02],[00],[00],[18],[61],[04],[c1],[cd]
 [02],[00],[FF],[19],[00],[00],[00],[00]
 [02],[00],[00],[1a],[61],[04],[c1],[cd]
 [02],[00],[00],[1b],[61],[04],[c1],[cd]
 [02],[00],[00],[1c],[61],[04],[c2],[cd]
 [02],[00],[00],[1d],[61],[04],[c2],[cd]
 [02],[00],[00],[1e],[61],[03],[c2],[cd]
 [02],[00],[00],[1f],[61],[03],[c2],[cd]
 [02],[00],[00],[20],[62],[03],[c3],[cd]
 [02],[00],[00],[21],[62],[03],[c3],[cd]
 [02],[00],[00],[22],[62],[03],[c3],[cd]
 [02],[00],[FF],[23],[00],[00],[00],[00]
 [02],[00],[00],[24],[62],[03],[c3],[cd]
 [02],[00],[FF],[25],[00],[00],[00],[00]
 [02],[00],[00],[26],[62],[03],[c3],[ce]
 [02],[00],[00],[27],[62],[03],[c3],[ce]
 [02],[00],[00],[28],[62],[03],[c2],[ce]
 [02],[00],[00],[29],[62],[03],[c2],[ce]
 [02],[00],[00],[2a],[62],[03],[c2],[ce]
 [02],[00],[00],[2b],[62],[03],[c2],[ce]
 [02],[00],[00],[2c],[61],[03],[c2],[ce]
 [02],[00],[00],[2d],[61],[03],[c2],[ce]
 [02],[00],[FF],[2e],[00],[00],[00],[00]
 [02],[00],[00],[2f],[61],[03],[c2],[cd]
 [02],[00],[00],[30],[62],[03],[c2],[cd]
 [02],[00],[00],[31],[62],[03],[c2],[cd]
 [02],[00],[00],[32],[62],[03],[c3],[cd]
 [02],[00],[00],[33],[62],[03],[c3],[cd]
 [02],[00],[00],[34],[62],[03],[c3],[cd]
 [02],[00],[00],[35],[62],[03],[c3],[ce]
 [02],[00],[00],[36],[62],[03],[c3],[ce]
 [02],[00],[00],[37],[62],[04],[c3],[ce]
 [02],[00],[00],[38],[62],[03],[c3],[ce]
 [02],[00],[00],[39],[62],[03],[c3],[ce]
 [02],[00],[FF],[3a],[00],[00],[00],[00]
 [02],[00],[00],[3b],[62],[03],[c2],[cd]
 [02],[00],[00],[3c],[62],[03],[c2],[cd]
 [02],[00],[00],[3d],[61],[04],[c2],[cd]
 [02],[00],[00],[3e],[61],[04],[c2],[ce]
 [02],[00],[00],[3f],[61],[04],[c1],[ce]
 [02],[00],[00],[40],[61],[04],[c1],[cd]
 [02],[00],[00],[41],[61],[04],[c1],[cd]
 [02],[00],[00],[42],[61],[04],[c1],[cd]
 [02],[00],[00],[43],[61],[04],[c1],[cd]
 [02],[00],[FF],[44],[00],[00],[00],[00]
 [02],[00],[00],[45],[61],[04],[c2],[ce]
 [02],[00],[00],[46],[61],[03],[c2],[cd]
 [02],[00],[00],[47],[62],[03],[c2],[cd]
 [02],[00],[00],[48],[62],[03],[c3],[ce]
 [02],[00],[00],[49],[62],[03],[c3],[ce]
 [02],[00],[00],[4a],[62],[03],[c3],[ce]
 [02],[00],[00],[4b],[62],[03],[c3],[ce]
 [02],[00],[00],[4c],[62],[03],[c3],[ce]
 [02],[00],[FF],[4d],[00],[00],[00],[00]
 [02],[00],[00],[4e],[62],[03],[c3],[ce]
 [02],[00],[00],[4f],[62],[03],[c3],[ce]
 [02],[00],[00],[50],[62],[03],[c2],[ce]
 [02],[00],[00],[51],[62],[03],[c2],[ce]
 [02],[00],[00],[52],[62],[04],[c2],[ce]
 [02],[00],[00],[53],[61],[04],[c1],[ce]
 [02],[00],[00],[54],[61],[04],[c1],[cd]
 [02],[00],[00],[55],[61],[04],[c1],[ce]
 [02],[00],[00],[56],[61],[04],[c1],[ce]
 [02],[00],[00],[57],[61],[04],[c1],[ce]
 [02],[00],[00],[58],[61],[04],[c1],[ce]
 [02],[00],[00],[59],[61],[04],[c2],[ce]
 [02],[00],[FF],[5a],[00],[00],[00],[00]
 [02],[00],[00],[5b],[61],[03],[c2],[cd]
 [02],[00],[00],[5c],[62],[03],[c2],[cd]
 [02],[00],[00],[5d],[62],[04],[c3],[ce]
 [02],[00],[00],[5e],[62],[04],[c3],[ce]
 [02],[00],[00],[5f],[62],[04],[c3],[ce]
 [02],[00],[00],[60],[62],[04],[c3],[cd]
 [02],[00],[00],[61],[62],[04],[c2],[cd]
 [02],[00],[00],[62],[61],[04],[c2],[cd]
 [02],[00],[00],[63],[61],[04],[c2],[cd]
 [02],[00],[FF],[64],[00],[00],[00],[00]
 [02],[00],[00],[65],[61],[04],[c1],[cd]
 [02],[00],[00],[66],[61],[04],[c1],[cd]
 [02],[00],[00],[67],[61],[04],[c1],[cd]
 [02],[00],[00],[68],[61],[04],[c1],[cd]
 [02],[00],[00],[69],[61],[04],[c2],[cd]
 [02],[00],[00],[6a],[61],[03],[c2],[cd]
 [02],[00],[00],[6b],[62],[03],[c2],[cd]
 [02],[00],[00],[6c],[62],[03],[c2],[cd]
 [02],[00],[00],[6d],[62],[03],[c3],[cd]
 [02],[00],[FF],[6e],[00],[00],[00],[00]
 [02],[00],[00],[6f],[62],[03],[c3],[ce]
 [02],[00],[FF],[70],[00],[00],[00],[00]
 [02],[00],[00],[71],[62],[04],[c3],[cd]
 [02],[00],[00],[72],[62],[04],[c3],[cd]
 [02],[00],[00],[73],[62],[04],[c3],[cd]
 [02],[00],[00],[74],[61],[04],[c2],[cd]
 [02],[00],[00],[75],[61],[04],[c2],[cd]
 [02],[00],[00],[76],[61],[04],[c2],[cd]
 [02],[00],[00],[77],[61],[04],[c2],[cd]
 [02],[00],[FF],[78],[00],[00],[00],[00]
 [02],[00],[00],[79],[61],[04],[c2],[cd]
 [02],[00],[00],[7a],[62],[03],[c2],[cd]
 [02],[00],[00],[7b],[61],[04],[c2],[cd]
 [02],[00],[00],[7c],[62],[03],[c2],[cd]
 [02],[00],[00],[7d],[62],[03],[c2],[cd]
 [02],[00],[00],[7e],[62],[03],[c3],[cd]
 [02],[00],[00],[7f],[62],[03],[c2],[cd]
 [02],[00],[FF],[80],[00],[00],[00],[00]
 [02],[00],[00],[81],[62],[03],[c3],[cd]
 [02],[00],[FF],[82],[00],[00],[00],[00]
 [02],[00],[00],[83],[62],[04],[c3],[ce]
 [02],[00],[00],[84],[62],[04],[c3],[ce]
 [02],[00],[00],[85],[63],[04],[c3],[ce]
 [02],[00],[00],[86],[63],[04],[c3],[ce]
 [02],[00],[00],[87],[63],[04],[c4],[ce]
 [02],[00],[FF],[88],[00],[00],[00],[00]
 [02],[00],[00],[89],[63],[04],[c3],[ce]
 [02],[00],[00],[8a],[62],[03],[c3],[ce]
 [02],[00],[00],[8b],[62],[03],[c3],[ce]
 [02],[00],[FF],[8c],[00],[00],[00],[00]
 [02],[00],[00],[8d],[62],[04],[c3],[cd]
 [02],[00],[00],[8e],[62],[04],[c3],[cd]
 [02],[00],[00],[8f],[62],[04],[c2],[cd]
 [02],[00],[00],[90],[61],[04],[c2],[cd]
 [02],[00],[00],[91],[61],[04],[c2],[cd]
 [02],[00],[00],[92],[61],[04],[c2],[cd]
 [02],[00],[00],[93],[61],[04],[c2],[cd]
 [02],[00],[00],[94],[61],[04],[c2],[cd]
 [02],[00],[00],[95],[61],[04],[c3],[cd]
 [02],[00],[00],[96],[62],[03],[c3],[cd]
 [02],[00],[00],[97],[62],[03],[c3],[cd]
 [02],[00],[00],[98],[62],[03],[c3],[cd]
 [02],[00],[00],[99],[62],[03],[c3],[cd]
 [02],[00],[00],[9a],[62],[03],[c3],[cd]
 [02],[00],[00],[9b],[62],[03],[c3],[cd]
 [02],[00],[00],[9c],[62],[03],[c3],[cd]
 [02],[00],[00],[9d],[62],[03],[c3],[cd]
 [02],[00],[00],[9e],[62],[03],[c3],[cd]
 [02],[00],[00],[9f],[62],[03],[c4],[cd]
 [02],[00],[00],[a0],[62],[04],[c3],[cd]
 [02],[00],[00],[a1],[62],[04],[c3],[cd]
 [02],[00],[00],[a2],[62],[03],[c3],[cd]
 [02],[00],[00],[a3],[62],[04],[c3],[cd]
 [02],[00],[00],[a4],[62],[04],[c3],[cd]
 [02],[00],[00],[a5],[61],[04],[c2],[cd]
 [02],[00],[00],[a6],[61],[04],[c2],[cd]
 [02],[00],[00],[a7],[61],[04],[c2],[cd]
 [02],[00],[00],[a8],[61],[04],[c2],[cd]
 [02],[00],[00],[a9],[61],[04],[c2],[cd]
 [02],[00],[00],[aa],[61],[04],[c2],[cd]
 [02],[00],[00],[ab],[62],[04],[c2],[cd]
 [02],[00],[FF],[ac],[00],[00],[00],[00]
 [02],[00],[00],[ad],[62],[03],[c3],[cd]
 [02],[00],[FF],[ae],[00],[00],[00],[00]
 [02],[00],[00],[af],[62],[03],[c3],[cd]
 [02],[00],[00],[b0],[62],[03],[c3],[cd]
 [02],[00],[00],[b1],[62],[03],[c3],[cd]
 [02],[00],[00],[b2],[62],[04],[c3],[cd]
 [02],[00],[FF],[b3],[00],[00],[00],[00]
 [02],[00],[00],[b4],[62],[04],[c3],[cd]
 [02],[00],[00],[b5],[62],[03],[c3],[cd]
 [02],[00],[00],[b6],[62],[03],[c3],[cd]
 [02],[00],[00],[b7],[62],[03],[c3],[cd]
 [02],[00],[00],[b8],[62],[03],[c3],[cd]
 [02],[00],[00],[b9],[62],[04],[c3],[cd]
 [02],[00],[00],[ba],[62],[04],[c3],[cd]
 [02],[00],[00],[bb],[62],[04],[c3],[cd]
 [02],[00],[00],[bc],[61],[04],[c2],[cd]
 [02],[00],[00],[bd],[61],[04],[c2],[cd]
 [02],[00],[00],[be],[61],[04],[c2],[cd]
 [02],[00],[00],[bf],[61],[04],[c2],[cd]
 [02],[00],[FF],[c0],[00],[00],[00],[00]
 [02],[00],[00],[c1],[61],[04],[c2],[cd]
 [02],[00],[FF],[c2],[00],[00],[00],[00]
 [02],[00],[00],[c3],[62],[04],[c3],[cd]
 [02],[00],[00],[c4],[62],[04],[c3],[cd]
 [02],[00],[00],[c5],[62],[03],[c3],[cd]
 [02],[00],[00],[c6],[62],[04],[c3],[cd]
 [02],[00],[00],[c7],[62],[04],[c3],[cd]
 [02],[00],[00],[c8],[62],[04],[c3],[cd]
 [02],[00],[00],[c9],[62],[04],[c4],[cd]
 [02],[00],[00],[ca],[62],[04],[c4],[cd]
 [02],[00],[00],[cb],[62],[04],[c4],[cd]
 [02],[00],[00],[cc],[62],[04],[c4],[cd]
 [02],[00],[00],[cd],[62],[03],[c3],[cd]
 [02],[00],[00],[ce],[62],[03],[c3],[cd]
 [02],[00],[00],[cf],[62],[04],[c3],[cd]
 [02],[00],[00],[d0],[61],[04],[c3],[cd]
 [02],[00],[FF],[d1],[00],[00],[00],[00]
 [02],[00],[00],[d2],[61],[04],[c2],[cd]
 [02],[00],[00],[d3],[61],[04],[c2],[cd]
 [02],[00],[FF],[d4],[00],[00],[00],[00]
 [02],[00],[00],[d5],[61],[04],[c2],[cd]
 [02],[00],[00],[d6],[61],[04],[c2],[cd]
 [02],[00],[FF],[d7],[00],[00],[00],[00]
 [02],[00],[00],[d8],[61],[03],[c2],[cd]
 [02],[00],[00],[d9],[62],[03],[c3],[cd]
 [02],[00],[00],[da],[62],[03],[c3],[cd]
 [02],[00],[00],[db],[62],[04],[c3],[ce]
 [02],[00],[00],[dc],[63],[03],[c4],[ce]
 [02],[00],[00],[dd],[63],[04],[c4],[ce]
 [02],[00],[00],[de],[63],[04],[c4],[cd]
 [02],[00],[00],[df],[62],[03],[c4],[cd]
 [02],[00],[FF],[e0],[00],[00],[00],[00]
 [02],[00],[00],[e1],[62],[03],[c3],[cd]
 [02],[00],[00],[e2],[62],[04],[c3],[cd]
 [02],[00],[00],[e3],[61],[04],[c2],[cd]
 [02],[00],[00],[e4],[61],[04],[c2],[cd]
 [02],[00],[00],[e5],[61],[04],[c2],[cd]
 [02],[00],[00],[e6],[61],[04],[c2],[cd]
 [02],[00],[00],[e7],[62],[04],[c3],[cd]
 [02],[00],[00],[e8],[62],[04],[c3],[ce]
 [02],[00],[00],[e9],[64],[04],[c5],[cf]
 [02],[00],[00],[ea],[64],[04],[c5],[cf]
 [02],[00],[00],[eb],[64],[04],[c5],[cf]
 [02],[00],[00],[ec],[64],[04],[c5],[cf]
 [02],[00],[00],[ed],[64],[04],[c5],[cf]
 [02],[00],[00],[ee],[64],[04],[c6],[cf]
 [02],[00],[00],[ef],[64],[04],[c6],[ce]
 [02],[00],[00],[f0],[64],[04],[c6],[ce]
 [02],[00],[00],[f1],[64],[04],[c6],[ce]
 [02],[00],[00],[f2],[64],[04],[c6],[ce]
 [02],[00],[00],[f3],[64],[04],[c5],[ce]
 [02],[00],[FF],[f4],[00],[00],[00],[00]
 [02],[00],[00],[f5],[63],[04],[c4],[ce]
 [02],[00],[00],[f6],[63],[04],[c4],[ce]
 [02],[00],[FF],[f7],[00],[00],[00],[00]
 [02],[00],[00],[f8],[63],[04],[c4],[ce]
 [02],[00],[00],[f9],[63],[04],[c4],[ce]
 [02],[00],[FF],[fa],[00],[00],[00],[00]
 [02],[00],[00],[fb],[63],[04],[c4],[cd]
 [02],[00],[00],[fc],[63],[04],[c4],[cd]
 [02],[00],[00],[fd],[63],[04],[c4],[cd]
 [02],[00],[00],[fe],[63],[04],[c4],[ce]
 [02],[00],[00],[ff],[63],[04],[c4],[cd]
 [02],[00],[FF],[0],[00],[00],[00],[00]
 [02],[00],[00],[1],[63],[04],[c4],[ce]
 [02],[00],[00],[2],[63],[04],[c4],[ce]
 [02],[00],[00],[3],[63],[04],[c4],[cd]
 [02],[00],[00],[4],[63],[04],[c4],[cd]
 [02],[00],[00],[5],[63],[04],[c4],[cd]
 [02],[00],[00],[6],[63],[04],[c4],[cd]
 [02],[00],[00],[7],[63],[04],[c4],[cd]
 [02],[00],[00],[8],[63],[04],[c4],[cd]
 [02],[00],[FF],[9],[00],[00],[00],[00]
 [02],[00],[00],[a],[62],[04],[c4],[cd]
 [02],[00],[FF],[b],[00],[00],[00],[00]
 [02],[00],[FF],[c],[00],[00],[00],[00]
 [02],[00],[00],[d],[62],[04],[c2],[cd]
 [02],[00],[00],[e],[62],[03],[c2],[cd]
 [02],[00],[00],[f],[62],[03],[c3],[cd]
 [02],[00],[00],[10],[62],[03],[c3],[cd]
 [02],[00],[00],[11],[62],[03],[c3],[cd]
 [02],[00],[00],[12],[62],[03],[c3],[cd]
 [02],[00],[00],[13],[62],[03],[c3],[cd]
 [02],[00],[00],[14],[62],[03],[c4],[cd]
 [02],[00],[00],[15],[62],[03],[c4],[cd]
 [02],[00],[00],[16],[62],[03],[c4],[cd]
 [02],[00],[00],[17],[62],[03],[c4],[cd]
 [02],[00],[FF],[18],[00],[00],[00],[00]
 [02],[00],[00],[19],[63],[03],[c4],[cd]
 [02],[00],[00],[1a],[62],[03],[c4],[cd]
 [02],[00],[00],[1b],[62],[03],[c4],[cd]
 [02],[00],[00],[1c],[62],[03],[c4],[cd]
 [02],[00],[00],[1d],[62],[03],[c3],[cd]
 [02],[00],[00],[1e],[62],[03],[c3],[cd]
 [02],[00],[00],[1f],[62],[03],[c3],[cd]
 [02],[00],[00],[20],[61],[03],[c2],[cd]
 [02],[00],[00],[21],[61],[03],[c2],[cd]
 [02],[00],[00],[22],[61],[03],[c2],[cd]
 [02],[00],[00],[23],[61],[03],[c3],[cd]
 [02],[00],[FF],[24],[00],[00],[00],[00]
 [02],[00],[00],[25],[62],[03],[c3],[cd]
 [02],[00],[FF],[26],[00],[00],[00],[00]
 [02],[00],[00],[27],[62],[03],[c3],[cd]
 [02],[00],[00],[28],[62],[03],[c4],[cd]
 [02],[00],[00],[29],[62],[03],[c4],[cc]
 [02],[00],[00],[2a],[62],[03],[c4],[cd]
 [02],[00],[00],[2b],[62],[03],[c4],[cd]
 [02],[00],[00],[2c],[62],[04],[c4],[cd]
 [02],[00],[00],[2d],[62],[04],[c4],[cd]
 [02],[00],[00],[2e],[62],[03],[c4],[cd]
 [02],[00],[00],[2f],[62],[03],[c4],[cd]
 [02],[00],[00],[30],[62],[03],[c3],[cd]
 [02],[00],[FF],[31],[00],[00],[00],[00]
 [02],[00],[00],[32],[62],[04],[c3],[cd]
 [02],[00],[00],[33],[62],[04],[c3],[cd]
 [02],[00],[00],[34],[61],[04],[c2],[cd]
 [02],[00],[00],[35],[61],[04],[c2],[cd]
 [02],[00],[00],[36],[61],[04],[c2],[cd]
 [02],[00],[00],[37],[61],[04],[c2],[cd]
 [02],[00],[00],[38],[61],[04],[c2],[cd]
 [02],[00],[00],[39],[61],[04],[c2],[cc]
 [02],[00],[00],[3a],[61],[04],[c2],[cc]
 [02],[00],[00],[3b],[61],[04],[c3],[cd]
 [02],[00],[00],[3c],[62],[04],[c3],[cd]
 [02],[00],[00],[3d],[62],[04],[c3],[cd]
 [02],[00],[00],[3e],[62],[04],[c3],[cd]
 [02],[00],[00],[3f],[62],[04],[c4],[cd]
 [02],[00],[00],[40],[62],[04],[c4],[cd]
 [02],[00],[00],[41],[62],[03],[c4],[cd]
 [02],[00],[00],[42],[62],[03],[c4],[cd]
 [02],[00],[00],[43],[62],[03],[c4],[cd]
 [02],[00],[00],[44],[62],[03],[c3],[cd]
 [02],[00],[00],[45],[62],[03],[c3],[cc]
 [02],[00],[00],[46],[61],[03],[c3],[cc]
 [02],[00],[00],[47],[61],[04],[c2],[cc]
 [02],[00],[00],[48],[61],[04],[c2],[cc]
 [02],[00],[00],[49],[61],[04],[c2],[cc]
 [02],[00],[00],[4a],[61],[04],[c2],[cc]
 [02],[00],[00],[4b],[62],[04],[c3],[cd]
 [02],[00],[00],[4c],[62],[04],[c4],[cd]
 [02],[00],[00],[4d],[63],[03],[c4],[cd]
 [02],[00],[00],[4e],[63],[03],[c4],[cd]
 [02],[00],[00],[4f],[63],[03],[c4],[cd]
 [02],[00],[00],[50],[62],[04],[c4],[cd]
 [02],[00],[00],[51],[62],[03],[c4],[cd]
 [02],[00],[00],[52],[62],[03],[c3],[cc]
 [02],[00],[FF],[53],[00],[00],[00],[00]
 [02],[00],[00],[54],[61],[04],[c2],[cc]
 [02],[00],[00],[55],[61],[03],[c2],[cc]
 [02],[00],[00],[56],[61],[03],[c2],[cc]
 [02],[00],[00],[57],[61],[03],[c3],[cc]
 [02],[00],[00],[58],[62],[04],[c3],[cd]
 [02],[00],[00],[59],[62],[04],[c3],[cd]
 [02],[00],[00],[5a],[62],[04],[c4],[cd]
 [02],[00],[00],[5b],[62],[04],[c4],[cd]
 [02],[00],[00],[5c],[62],[04],[c4],[cd]
 [02],[00],[00],[5d],[62],[04],[c4],[cd]
 [02],[00],[00],[5e],[63],[03],[c4],[cd]
 [02],[00],[00],[5f],[62],[04],[c4],[cd]
 [02],[00],[00],[60],[62],[03],[c4],[cd]
 [02],[00],[00],[61],[62],[03],[c4],[cd]
 [02],[00],[00],[62],[62],[04],[c3],[cd]
 [02],[00],[00],[63],[61],[04],[c3],[cc]
 [02],[00],[00],[64],[61],[04],[c2],[cc]
 [02],[00],[00],[65],[61],[04],[c2],[cc]
 [02],[00],[00],[66],[61],[04],[c2],[cc]
 [02],[00],[00],[67],[61],[04],[c2],[cc]
 [02],[00],[00],[68],[61],[04],[c2],[cc]
 [02],[00],[00],[69],[61],[04],[c2],[cc]
 [02],[00],[00],[6a],[61],[03],[c2],[cc]
 [02],[00],[00],[6b],[61],[03],[c2],[cc]
 [02],[00],[00],[6c],[62],[03],[c3],[cd]
 [02],[00],[00],[6d],[62],[03],[c3],[cd]
 [02],[00],[00],[6e],[62],[04],[c3],[cd]
 [02],[00],[FF],[6f],[00],[00],[00],[00]
 [02],[00],[00],[70],[61],[03],[c3],[cd]
 [02],[00],[00],[71],[61],[03],[c2],[cd]
 [02],[00],[00],[72],[61],[03],[c3],[cd]
 [02],[00],[00],[73],[62],[03],[c3],[cd]
 [02],[00],[00],[74],[62],[03],[c3],[cd]
 [02],[00],[00],[75],[62],[03],[c3],[cd]
 [02],[00],[00],[76],[62],[03],[c3],[cd]
 [02],[00],[00],[77],[62],[03],[c3],[cd]
 [02],[00],[00],[78],[62],[03],[c3],[cd]
 [02],[00],[FF],[79],[00],[00],[00],[00]
 [02],[00],[00],[7a],[62],[03],[c3],[cd]
 [02],[00],[00],[7b],[62],[03],[c3],[cd]
 [02],[00],[00],[7c],[62],[03],[c3],[cd]
 [02],[00],[00],[7d],[62],[03],[c3],[cd]
 [02],[00],[00],[7e],[62],[03],[c3],[cd]
 [02],[00],[00],[7f],[62],[03],[c3],[cd]
 [02],[00],[00],[80],[62],[03],[c4],[cd]
 [02],[00],[00],[81],[62],[03],[c4],[cd]
 [02],[00],[00],[82],[62],[03],[c4],[cd]
 [02],[00],[00],[83],[62],[03],[c3],[cd]
 [02],[00],[FF],[84],[00],[00],[00],[00]
 [02],[00],[00],[85],[62],[03],[c3],[cd]
 [02],[00],[00],[86],[62],[03],[c3],[cd]
 [02],[00],[00],[87],[62],[03],[c3],[cd]
 [02],[00],[00],[88],[62],[04],[c3],[cd]
 [02],[00],[00],[89],[62],[03],[c3],[cd]
 [02],[00],[00],[8a],[62],[03],[c3],[cd]
 [02],[00],[00],[8b],[62],[03],[c3],[cd]
 [02],[00],[00],[8c],[62],[03],[c3],[cd]
 [02],[00],[00],[8d],[62],[03],[c3],[cd]
 [02],[00],[00],[8e],[62],[03],[c3],[cd]
 [02],[00],[00],[8f],[62],[03],[c3],[cd]
 [02],[00],[00],[90],[62],[03],[c3],[cd]
 [02],[00],[00],[91],[62],[03],[c3],[cd]
 [02],[00],[00],[92],[62],[03],[c3],[cd]
 [02],[00],[00],[93],[62],[03],[c3],[cd]
 [02],[00],[00],[94],[62],[03],[c3],[cd]
 [02],[00],[00],[95],[62],[03],[c3],[cd]
 [02],[00],[00],[96],[62],[03],[c3],[cd]
 [02],[00],[FF],[97],[00],[00],[00],[00]
 [02],[00],[00],[98],[62],[03],[c3],[cd]
 [02],[00],[00],[99],[62],[03],[c3],[cd]
 [02],[00],[00],[9a],[62],[03],[c3],[cd]
 [02],[00],[00],[9b],[62],[03],[c3],[cd]
 [02],[00],[00],[9c],[62],[03],[c3],[cd]
 [02],[00],[00],[9d],[62],[03],[c3],[cd]
 [02],[00],[00],[9e],[62],[03],[c3],[cd]
 [02],[00],[00],[9f],[62],[04],[c3],[cd]
 [02],[00],[00],[a0],[62],[04],[c3],[cd]
 [02],[00],[FF],[a1],[00],[00],[00],[00]
 [02],[00],[00],[a2],[62],[04],[c3],[cd]
 [02],[00],[00],[a3],[62],[04],[c3],[cd]
 [02],[00],[00],[a4],[62],[03],[c3],[cd]
 [02],[00],[00],[a5],[62],[04],[c3],[cd]
 [02],[00],[00],[a6],[62],[04],[c3],[cd]
 [02],[00],[00],[a7],[62],[03],[c3],[cd]
 [02],[00],[00],[a8],[62],[04],[c3],[cd]
 [02],[00],[00],[a9],[62],[03],[c3],[cd]
 [02],[00],[00],[aa],[62],[03],[c3],[ce]
 [02],[00],[00],[ab],[62],[03],[c3],[cd]
 [02],[00],[00],[ac],[62],[03],[c3],[cd]
 [02],[00],[00],[ad],[62],[03],[c3],[cd]
 [02],[00],[00],[ae],[62],[04],[c3],[cd]
 [02],[00],[00],[af],[62],[04],[c3],[cd]
 [02],[00],[00],[b0],[62],[04],[c3],[cd]
 [02],[00],[00],[b1],[62],[04],[c3],[cd]
 [02],[00],[00],[b2],[62],[04],[c3],[cd]
 [02],[00],[00],[b3],[62],[04],[c3],[cd]
 [02],[00],[00],[b4],[62],[04],[c3],[cd]
 [02],[00],[FF],[b5],[00],[00],[00],[00]
 [02],[00],[00],[b6],[62],[04],[c3],[cd]
 [02],[00],[00],[b7],[62],[03],[c3],[cd]
 [02],[00],[00],[b8],[62],[03],[c3],[cd]
 [02],[00],[00],[b9],[62],[04],[c3],[cd]
 [02],[00],[00],[ba],[62],[03],[c3],[cd]
 [02],[00],[00],[bb],[63],[03],[c4],[cd]
 [02],[00],[00],[bc],[63],[03],[c4],[cd]
 [02],[00],[FF],[bd],[00],[00],[00],[00]
 [02],[00],[00],[be],[63],[03],[c4],[cd]
 [02],[00],[00],[bf],[63],[03],[c4],[cd]
 [02],[00],[00],[c0],[62],[03],[c4],[cd]
 [02],[00],[00],[c1],[62],[03],[c4],[cd]
 [02],[00],[00],[c2],[62],[04],[c3],[cd]
 [02],[00],[00],[c3],[62],[04],[c3],[cd]
 [02],[00],[00],[c4],[62],[04],[c3],[cd]
 [02],[00],[00],[c5],[62],[04],[c3],[cd]
 [02],[00],[00],[c6],[61],[04],[c2],[cd]
 [02],[00],[00],[c7],[61],[04],[c2],[cd]
 [02],[00],[00],[c8],[61],[04],[c2],[cd]
 [02],[00],[00],[c9],[61],[04],[c2],[cd]
 [02],[00],[FF],[ca],[00],[00],[00],[00]
 [02],[00],[00],[cb],[61],[04],[c2],[cd]
 [02],[00],[00],[cc],[61],[04],[c2],[cd]
 [02],[00],[FF],[cd],[00],[00],[00],[00]
 [02],[00],[FF],[ce],[00],[00],[00],[00]
 [02],[00],[00],[cf],[62],[03],[c3],[cd]
 [02],[00],[00],[d0],[62],[03],[c4],[cd]
 [02],[00],[00],[d1],[63],[03],[c4],[cd]
 [02],[00],[FF],[d2],[00],[00],[00],[00]
 [02],[00],[00],[d3],[63],[04],[c4],[cd]
 [02],[00],[00],[d4],[63],[03],[c4],[cd]
 [02],[00],[00],[d5],[63],[03],[c4],[cd]
 [02],[00],[00],[d6],[63],[03],[c4],[cd]
 [02],[00],[00],[d7],[62],[03],[c3],[cd]
 [02],[00],[00],[d8],[62],[03],[c3],[cd]
 [02],[00],[00],[d9],[62],[03],[c3],[cd]
 [02],[00],[00],[da],[62],[04],[c2],[cd]
 [02],[00],[00],[db],[61],[04],[c2],[cd]
 [02],[00],[00],[dc],[61],[04],[c2],[cd]
 [02],[00],[00],[dd],[61],[04],[c2],[cd]
 [02],[00],[00],[de],[61],[04],[c1],[cd]
 [02],[00],[00],[df],[61],[03],[c1],[cd]
 [02],[00],[00],[e0],[61],[03],[c2],[cd]
 [02],[00],[00],[e1],[61],[03],[c2],[cd]
 [02],[00],[00],[e2],[62],[03],[c2],[cd]
 [02],[00],[00],[e3],[62],[03],[c3],[cd]
 [02],[00],[00],[e4],[62],[03],[c3],[cd]
 [02],[00],[FF],[e5],[00],[00],[00],[00]
 [02],[00],[00],[e6],[62],[03],[c3],[cd]
 [02],[00],[00],[e7],[62],[03],[c3],[ce]
 [02],[00],[FF],[e8],[00],[00],[00],[00]
 [02],[00],[00],[e9],[63],[04],[c3],[ce]
 [02],[00],[00],[ea],[63],[04],[c4],[ce]
 [02],[00],[00],[eb],[63],[04],[c4],[ce]
 [02],[00],[FF],[ec],[00],[00],[00],[00]
 [02],[00],[FF],[ed],[00],[00],[00],[00]
 [02],[00],[00],[ee],[62],[04],[c4],[cd]
 [02],[00],[00],[ef],[62],[04],[c3],[cd]
 [02],[00],[00],[f0],[62],[04],[c3],[cd]
 [02],[00],[00],[f1],[62],[04],[c3],[cd]
 [02],[00],[FF],[f2],[00],[00],[00],[00]
 [02],[00],[00],[f3],[61],[04],[c2],[cd]
 [02],[00],[00],[f4],[61],[04],[c2],[cd]
 [02],[00],[00],[f5],[61],[04],[c2],[cd]
 [02],[00],[00],[f6],[61],[04],[c2],[cd]
 [02],[00],[FF],[f7],[00],[00],[00],[00]
 [02],[00],[00],[f8],[61],[04],[c2],[cd]
 [02],[00],[00],[f9],[61],[04],[c1],[cd]
 [02],[00],[00],[fa],[61],[04],[c2],[cd]
 [02],[00],[00],[fb],[61],[03],[c2],[cd]
 [02],[00],[00],[fc],[61],[03],[c2],[cd]
 [02],[00],[00],[fd],[62],[03],[c3],[cd]
 [02],[00],[00],[fe],[62],[03],[c3],[cd]
 [02],[00],[00],[ff],[62],[03],[c4],[cd]
 [02],[00],[00],[0],[62],[03],[c4],[cd]
 [02],[00],[00],[1],[63],[03],[c4],[cd]
 [02],[00],[00],[2],[63],[03],[c5],[cd]
 [02],[00],[00],[3],[63],[04],[c5],[cd]
 [02],[00],[00],[4],[63],[04],[c5],[ce]
 [02],[00],[00],[5],[63],[04],[c5],[ce]
 [02],[00],[00],[6],[63],[04],[c5],[cd]
 [02],[00],[00],[7],[63],[03],[c4],[cd]
 [02],[00],[00],[8],[62],[03],[c4],[cd]
 [02],[00],[00],[9],[62],[03],[c3],[cd]
 [02],[00],[FF],[a],[00],[00],[00],[00]
 [02],[00],[00],[b],[62],[04],[c3],[cd]
 [02],[00],[00],[c],[61],[04],[c2],[cd]
 [02],[00],[00],[d],[61],[04],[c2],[cd]
 [02],[00],[FF],[e],[00],[00],[00],[00]
 [02],[00],[00],[f],[61],[04],[c2],[cd]
 [02],[00],[00],[10],[61],[04],[c2],[cd]
 [02],[00],[00],[11],[61],[04],[c1],[cd]
 [02],[00],[FF],[12],[00],[00],[00],[00]
 [02],[00],[00],[13],[61],[04],[c2],[cd]
 [02],[00],[00],[14],[61],[04],[c2],[cd]
 [02],[00],[00],[15],[61],[03],[c2],[cd]
 [02],[00],[FF],[16],[00],[00],[00],[00]
 [02],[00],[00],[17],[62],[03],[c3],[cd]
 [02],[00],[00],[18],[62],[03],[c3],[cd]
 [02],[00],[FF],[19],[00],[00],[00],[00]
 [02],[00],[00],[1a],[62],[04],[c4],[cd]
 [02],[00],[00],[1b],[63],[04],[c4],[ce]
 [02],[00],[00],[1c],[63],[04],[c4],[ce]
 [02],[00],[00],[1d],[63],[04],[c4],[ce]
 [02],[00],[FF],[1e],[00],[00],[00],[00]
 [02],[00],[00],[1f],[62],[04],[c3],[cd]
 [02],[00],[00],[20],[62],[04],[c3],[cd]
 [02],[00],[00],[21],[62],[04],[c3],[cd]
 [02],[00],[00],[22],[62],[04],[c2],[cd]
 [02],[00],[FF],[23],[00],[00],[00],[00]
 [02],[00],[00],[24],[61],[04],[c2],[cd]
 [02],[00],[00],[25],[61],[04],[c2],[cd]
 [02],[00],[FF],[26],[00],[00],[00],[00]
 [02],[00],[00],[27],[61],[04],[c2],[cd]
 [02],[00],[00],[28],[61],[04],[c2],[cd]
 [02],[00],[00],[29],[61],[04],[c2],[cd]
 [02],[00],[FF],[2a],[00],[00],[00],[00]
 [02],[00],[FF],[2b],[00],[00],[00],[00]
 [02],[00],[FF],[2c],[00],[00],[00],[00]
 [02],[00],[00],[2d],[62],[03],[c3],[cd]
 [02],[00],[FF],[2e],[00],[00],[00],[00]
 [02],[00],[00],[2f],[62],[04],[c4],[cd]
 [02],[00],[00],[30],[63],[04],[c4],[cd]
 [02],[00],[00],[31],[63],[04],[c4],[cd]
 [02],[00],[00],[32],[63],[03],[c4],[cd]
 [02],[00],[FF],[33],[00],[00],[00],[00]
 [02],[00],[00],[34],[62],[03],[c4],[cd]
 [02],[00],[00],[35],[62],[03],[c3],[cd]
 [02],[00],[00],[36],[62],[03],[c3],[cd]
 [02],[00],[00],[37],[62],[04],[c2],[cd]
 [02],[00],[FF],[38],[00],[00],[00],[00]
 [02],[00],[00],[39],[61],[03],[c2],[cd]
 [02],[00],[FF],[3a],[00],[00],[00],[00]
 [02],[00],[00],[3b],[61],[04],[c2],[cd]
 [02],[00],[00],[3c],[61],[03],[c2],[cd]
 [02],[00],[00],[3d],[62],[03],[c3],[cd]
 [02],[00],[FF],[3e],[00],[00],[00],[00]
 [02],[00],[00],[3f],[62],[03],[c3],[cd]
 [02],[00],[00],[40],[62],[03],[c3],[cd]
 [02],[00],[00],[41],[62],[03],[c4],[cd]
 [02],[00],[FF],[42],[00],[00],[00],[00]
 [02],[00],[FF],[43],[00],[00],[00],[00]
 [02],[00],[00],[44],[63],[04],[c4],[cd]
 [02],[00],[00],[45],[63],[03],[c4],[cd]
 [02],[00],[00],[46],[63],[04],[c4],[cd]
 [02],[00],[00],[47],[63],[04],[c4],[cd]
 [02],[00],[00],[48],[63],[03],[c4],[cd]
 [02],[00],[00],[49],[62],[03],[c4],[cd]
 [02],[00],[00],[4a],[62],[03],[c4],[cd]
 [02],[00],[00],[4b],[62],[04],[c3],[cd]
 [02],[00],[00],[4c],[62],[04],[c3],[cd]
 [02],[00],[00],[4d],[61],[04],[c2],[cd]
 [02],[00],[00],[4e],[61],[04],[c2],[cd]
 [02],[00],[00],[4f],[61],[04],[c1],[cd]
 [02],[00],[00],[50],[61],[04],[c1],[cd]
 [02],[00],[00],[51],[61],[04],[c1],[cd]
 [02],[00],[FF],[52],[00],[00],[00],[00]
 [02],[00],[00],[53],[61],[04],[c1],[cd]
 [02],[00],[00],[54],[61],[03],[c2],[cd]
 [02],[00],[00],[55],[61],[03],[c2],[cd]
 [02],[00],[00],[56],[61],[03],[c2],[cd]
 [02],[00],[00],[57],[62],[03],[c2],[cd]
 [02],[00],[00],[58],[62],[04],[c3],[cd]
 [02],[00],[00],[59],[62],[03],[c3],[cd]
 [02],[00],[00],[5a],[62],[03],[c3],[cd]
 [02],[00],[00],[5b],[62],[04],[c3],[cd]
 [02],[00],[FF],[5c],[00],[00],[00],[00]
 [02],[00],[FF],[5d],[00],[00],[00],[00]
 [02],[00],[00],[5e],[63],[04],[c4],[ce]
 [02],[00],[00],[5f],[63],[04],[c4],[ce]
 [02],[00],[00],[60],[63],[04],[c4],[ce]
 [02],[00],[00],[61],[63],[03],[c4],[ce]
 [02],[00],[00],[62],[63],[03],[c4],[cd]
 [02],[00],[00],[63],[62],[03],[c3],[cd]
 [02],[00],[00],[64],[62],[03],[c3],[cd]
 [02],[00],[00],[65],[62],[03],[c3],[cd]
 [02],[00],[FF],[66],[00],[00],[00],[00]
 [02],[00],[00],[67],[61],[04],[c2],[cd]
 [02],[00],[00],[68],[61],[03],[c2],[cd]
 [02],[00],[00],[69],[61],[03],[c2],[cd]
 [02],[00],[00],[6a],[61],[03],[c2],[cd]
 [02],[00],[00],[6b],[61],[03],[c2],[cd]
 [02],[00],[00],[6c],[62],[03],[c3],[cd]
 [02],[00],[00],[6d],[62],[03],[c3],[cd]
 [02],[00],[00],[6e],[62],[03],[c3],[cd]
 [02],[00],[00],[6f],[62],[03],[c4],[cd]
 [02],[00],[FF],[70],[00],[00],[00],[00]
 [02],[00],[FF],[71],[00],[00],[00],[00]
 [02],[00],[00],[72],[63],[03],[c4],[cd]
 [02],[00],[00],[73],[63],[03],[c5],[cd]
 [02],[00],[00],[74],[63],[03],[c5],[cd]
 [02],[00],[00],[75],[63],[03],[c4],[cd]
 [02],[00],[00],[76],[63],[03],[c4],[cd]
 [02],[00],[00],[77],[62],[03],[c4],[cd]
 [02],[00],[00],[78],[62],[03],[c3],[cd]
 [02],[00],[FF],[79],[00],[00],[00],[00]
 [02],[00],[00],[7a],[62],[03],[c3],[cd]
 [02],[00],[00],[7b],[61],[03],[c2],[cd]
 [02],[00],[FF],[7c],[00],[00],[00],[00]
 [02],[00],[00],[7d],[61],[03],[c2],[cd]
 [02],[00],[FF],[7e],[00],[00],[00],[00]
 [02],[00],[00],[7f],[61],[03],[c2],[cd]
 [02],[00],[00],[80],[62],[03],[c3],[cd]
 [02],[00],[00],[81],[62],[03],[c3],[cd]
 [02],[00],[00],[82],[62],[03],[c3],[cd]
 [02],[00],[00],[83],[62],[03],[c4],[cd]
 [02],[00],[00],[84],[63],[03],[c4],[ce]
 [02],[00],[00],[85],[63],[03],[c4],[ce]
 [02],[00],[FF],[86],[00],[00],[00],[00]
 [02],[00],[00],[87],[63],[03],[c4],[ce]
 [02],[00],[00],[88],[63],[04],[c4],[ce]
 [02],[00],[00],[89],[63],[03],[c4],[ce]
 [02],[00],[00],[8a],[63],[03],[c4],[ce]
 [02],[00],[00],[8b],[62],[03],[c3],[cd]
 [02],[00],[00],[8c],[62],[03],[c3],[cd]
 [02],[00],[00],[8d],[62],[03],[c2],[cd]
 [02],[00],[00],[8e],[62],[03],[c3],[cd]
 [02],[00],[FF],[8f],[00],[00],[00],[00]
 [02],[00],[00],[90],[62],[03],[c3],[cd]
 [02],[00],[00],[91],[62],[03],[c2],[cd]
 [02],[00],[00],[92],[62],[03],[c3],[cd]
 [02],[00],[FF],[93],[00],[00],[00],[00]
 [02],[00],[00],[94],[62],[03],[c3],[cd]
 [02],[00],[00],[95],[62],[03],[c3],[cd]
 [02],[00],[FF],[96],[00],[00],[00],[00]
 [02],[00],[FF],[97],[00],[00],[00],[00]
 [02],[00],[00],[98],[63],[04],[c5],[ce]
 [02],[00],[00],[99],[63],[03],[c5],[ce]
 [02],[00],[FF],[9a],[00],[00],[00],[00]
 [02],[00],[00],[9b],[64],[04],[c5],[ce]
 [02],[00],[00],[9c],[64],[04],[c5],[ce]
 [02],[00],[00],[9d],[63],[04],[c5],[ce]
 [02],[00],[00],[9e],[63],[04],[c5],[cd]
 [02],[00],[FF],[9f],[00],[00],[00],[00]
 [02],[00],[00],[a0],[63],[03],[c4],[cd]
 [02],[00],[00],[a1],[62],[04],[c4],[cd]
 [02],[00],[00],[a2],[62],[04],[c3],[cd]
 [02],[00],[00],[a3],[62],[04],[c2],[cd]
 [02],[00],[FF],[a4],[00],[00],[00],[00]
 [02],[00],[00],[a5],[61],[04],[c2],[cd]
 [02],[00],[00],[a6],[61],[04],[c2],[cd]
 [02],[00],[00],[a7],[61],[04],[c2],[cd]
 [02],[00],[00],[a8],[62],[04],[c3],[cd]
 [02],[00],[00],[a9],[62],[04],[c3],[cd]
 [02],[00],[00],[aa],[62],[04],[c3],[cd]
 [02],[00],[00],[ab],[62],[04],[c3],[cd]
 [02],[00],[00],[ac],[62],[04],[c3],[cd]
 [02],[00],[00],[ad],[62],[03],[c3],[cd]
 [02],[00],[FF],[ae],[00],[00],[00],[00]
 [02],[00],[00],[af],[63],[03],[c4],[cd]
 [02],[00],[00],[b0],[63],[03],[c4],[cd]
 [02],[00],[00],[b1],[63],[03],[c4],[cd]
 [02],[00],[00],[b2],[63],[03],[c4],[cd]
 [02],[00],[00],[b3],[63],[03],[c4],[ce]
 [02],[00],[00],[b4],[63],[03],[c4],[cd]
 [02],[00],[FF],[b5],[00],[00],[00],[00]
 [02],[00],[00],[b6],[63],[03],[c4],[cd]
 [02],[00],[00],[b7],[62],[04],[c4],[cd]
 [02],[00],[00],[b8],[62],[04],[c3],[cd]
 [02],[00],[FF],[b9],[00],[00],[00],[00]
 [02],[00],[00],[ba],[62],[04],[c3],[cd]
 [02],[00],[00],[bb],[62],[04],[c2],[cd]
 [02],[00],[FF],[bc],[00],[00],[00],[00]
 [02],[00],[FF],[bd],[00],[00],[00],[00]
 [02],[00],[00],[be],[62],[04],[c2],[cd]
 [02],[00],[00],[bf],[62],[04],[c3],[cd]
 [02],[00],[00],[c0],[62],[04],[c3],[cd]
 [02],[00],[00],[c1],[62],[04],[c3],[cd]
 [02],[00],[00],[c2],[62],[03],[c3],[cd]
 [02],[00],[FF],[c3],[00],[00],[00],[00]
 [02],[00],[00],[c4],[63],[04],[c4],[cd]
 [02],[00],[00],[c5],[63],[03],[c4],[ce]
 [02],[00],[00],[c6],[63],[03],[c4],[cd]
 [02],[00],[00],[c7],[63],[04],[c4],[cd]
 [02],[00],[00],[c8],[63],[04],[c4],[cd]
 [02],[00],[00],[c9],[63],[04],[c4],[cd]
 [02],[00],[00],[ca],[63],[04],[c4],[cd]
 [02],[00],[00],[cb],[62],[04],[c4],[cd]
 [02],[00],[00],[cc],[62],[03],[c4],[cd]
 [02],[00],[FF],[cd],[00],[00],[00],[00]
 [02],[00],[00],[ce],[62],[03],[c3],[cd]
 [02],[00],[00],[cf],[62],[03],[c3],[cd]
 [02],[00],[00],[d0],[62],[03],[c3],[cd]
 [02],[00],[00],[d1],[62],[04],[c2],[cd]
 [02],[00],[00],[d2],[61],[04],[c2],[cd]
 [02],[00],[00],[d3],[61],[04],[c1],[cd]
 [02],[00],[00],[d4],[61],[04],[c2],[ce]
 [02],[00],[00],[d5],[61],[04],[c1],[ce]
 [02],[00],[00],[d6],[61],[04],[c1],[ce]
 [02],[00],[FF],[d7],[00],[00],[00],[00]
 [02],[00],[00],[d8],[61],[04],[c0],[ce]
 [02],[00],[00],[d9],[60],[05],[c0],[ce]
 [02],[00],[00],[da],[60],[04],[c0],[ce]
 [02],[00],[00],[db],[60],[04],[c0],[cd]
 [02],[00],[00],[dc],[60],[04],[c0],[cd]
 [02],[00],[00],[dd],[60],[04],[c0],[cd]
 [02],[00],[00],[de],[60],[04],[c0],[cd]
 [02],[00],[00],[df],[61],[03],[c1],[cd]
 [02],[00],[00],[e0],[61],[03],[c2],[cd]
 [02],[00],[00],[e1],[61],[03],[c2],[cd]
 [02],[00],[00],[e2],[62],[03],[c3],[cd]
 [02],[00],[00],[e3],[62],[03],[c3],[cc]
 [02],[00],[00],[e4],[62],[03],[c4],[cc]
 [02],[00],[00],[e5],[62],[03],[c4],[cd]
 [02],[00],[00],[e6],[63],[03],[c5],[cc]
 [02],[00],[00],[e7],[63],[03],[c5],[cc]
 [02],[00],[00],[e8],[63],[03],[c5],[cc]
 [02],[00],[00],[e9],[63],[03],[c5],[cd]
 [02],[00],[00],[ea],[63],[03],[c5],[cd]
 [02],[00],[00],[eb],[63],[03],[c5],[cd]
 [02],[00],[00],[ec],[63],[03],[c5],[cd]
 [02],[00],[00],[ed],[63],[03],[c5],[cd]
 [02],[00],[00],[ee],[63],[03],[c4],[cd]
 [02],[00],[00],[ef],[62],[03],[c4],[cd]
 [02],[00],[FF],[f0],[00],[00],[00],[00]
 [02],[00],[00],[f1],[62],[03],[c3],[cd]
 [02],[00],[00],[f2],[62],[04],[c3],[cd]
 [02],[00],[00],[f3],[61],[04],[c3],[cd]
 [02],[00],[FF],[f4],[00],[00],[00],[00]
 [02],[00],[00],[f5],[61],[04],[c2],[cc]
 [02],[00],[00],[f6],[61],[04],[c2],[cc]
 [02],[00],[FF],[f7],[00],[00],[00],[00]
 [02],[00],[FF],[f8],[00],[00],[00],[00]
 [02],[00],[00],[f9],[62],[04],[c4],[cd]
 [02],[00],[00],[fa],[62],[03],[c4],[cd]
 [02],[00],[00],[fb],[62],[03],[c4],[cd]
 [02],[00],[00],[fc],[62],[03],[c4],[cd]
 [02],[00],[00],[fd],[62],[03],[c4],[cd]
 [02],[00],[00],[fe],[63],[03],[c4],[cd]
 [02],[00],[00],[ff],[63],[04],[c4],[cd]
 [02],[00],[FF],[0],[00],[00],[00],[00]
 [02],[00],[00],[1],[63],[03],[c4],[cd]
 [02],[00],[00],[2],[63],[04],[c5],[cd]
 [02],[00],[00],[3],[63],[04],[c5],[cd]
 [02],[00],[00],[4],[63],[04],[c4],[cd]
 [02],[00],[00],[5],[63],[04],[c4],[cd]
 [02],[00],[00],[6],[63],[04],[c5],[cd]
 [02],[00],[00],[7],[63],[04],[c5],[cd]
 [02],[00],[00],[8],[63],[04],[c5],[cd]
 [02],[00],[00],[9],[63],[03],[c5],[cd]
 [02],[00],[00],[a],[63],[03],[c5],[cd]
 [02],[00],[00],[b],[63],[03],[c5],[cd]
 [02],[00],[00],[c],[63],[03],[c5],[cd]
 [02],[00],[00],[d],[63],[03],[c5],[cd]
 [02],[00],[00],[e],[63],[03],[c5],[cd]
 [02],[00],[00],[f],[63],[03],[c5],[cd]
 [02],[00],[00],[10],[63],[03],[c5],[cd]
 [02],[00],[FF],[11],[00],[00],[00],[00]
 [02],[00],[00],[12],[63],[03],[c5],[cd]
 [02],[00],[00],[13],[63],[03],[c5],[cd]
 [02],[00],[00],[14],[63],[03],[c5],[cd]
 [02],[00],[FF],[15],[00],[00],[00],[00]
 [02],[00],[00],[16],[62],[03],[c4],[cd]
 [02],[00],[00],[17],[62],[04],[c4],[cd]
 [02],[00],[00],[18],[62],[04],[c3],[cd]
 [02],[00],[FF],[19],[00],[00],[00],[00]
 [02],[00],[00],[1a],[61],[04],[c3],[cd]
 [02],[00],[00],[1b],[61],[04],[c2],[cc]
 [02],[00],[00],[1c],[61],[04],[c2],[cc]
 [02],[00],[00],[1d],[61],[03],[c3],[cc]
 [02],[00],[00],[1e],[61],[03],[c3],[cc]
 [02],[00],[00],[1f],[62],[03],[c3],[cc]
 [02],[00],[00],[20],[62],[03],[c3],[cc]
 [02],[00],[00],[21],[62],[03],[c4],[cc]
 [02],[00],[FF],[22],[00],[00],[00],[00]
 [02],[00],[00],[23],[62],[03],[c4],[cd]
 [02],[00],[00],[24],[62],[03],[c4],[cc]
 [02],[00],[00],[25],[63],[03],[c4],[cd]
 [02],[00],[00],[26],[63],[03],[c5],[cd]
 [02],[00],[00],[27],[63],[03],[c5],[cd]
 [02],[00],[00],[28],[63],[04],[c5],[cd]
 [02],[00],[00],[29],[63],[04],[c5],[cd]
 [02],[00],[00],[2a],[63],[04],[c5],[cd]
 [02],[00],[00],[2b],[63],[04],[c5],[cd]
 [02],[00],[00],[2c],[63],[03],[c5],[cd]
 [02],[00],[00],[2d],[63],[03],[c5],[cc]
 [02],[00],[00],[2e],[63],[03],[c4],[cd]
 [02],[00],[00],[2f],[62],[04],[c4],[cc]
 [02],[00],[00],[30],[62],[04],[c4],[cc]
 [02],[00],[00],[31],[62],[04],[c4],[cc]
 [02],[00],[00],[32],[62],[04],[c3],[cc]
 [02],[00],[00],[33],[61],[04],[c3],[cc]
 [02],[00],[00],[34],[61],[04],[c3],[cc]
 [02],[00],[00],[35],[61],[04],[c3],[cc]
 [02],[00],[00],[36],[61],[04],[c2],[cc]
 [02],[00],[00],[37],[61],[04],[c2],[cc]
 [02],[00],[FF],[38],[00],[00],[00],[00]
 [02],[00],[FF],[39],[00],[00],[00],[00]
 [02],[00],[FF],[3a],[00],[00],[00],[00]
 [02],[00],[00],[3b],[62],[03],[c4],[cc]
 [02],[00],[00],[3c],[62],[03],[c4],[cc]
 [02],[00],[00],[3d],[62],[03],[c4],[cc]
 [02],[00],[00],[3e],[62],[03],[c5],[cc]
 [02],[00],[00],[3f],[63],[03],[c5],[cc]
 [02],[00],[FF],[40],[00],[00],[00],[00]
 [02],[00],[00],[41],[63],[03],[c5],[cc]
 [02],[00],[FF],[42],[00],[00],[00],[00]
 [02],[00],[00],[43],[63],[03],[c5],[cc]
 [02],[00],[00],[44],[62],[03],[c5],[cc]
 [02],[00],[00],[45],[62],[03],[c4],[cc]
 [02],[00],[00],[46],[62],[03],[c4],[cc]
 [02],[00],[00],[47],[62],[03],[c4],[cc]
 [02],[00],[00],[48],[62],[04],[c3],[cc]
 [02],[00],[00],[49],[62],[04],[c3],[cc]
 [02],[00],[00],[4a],[62],[04],[c3],[cc]
 [02],[00],[00],[4b],[61],[04],[c3],[cc]
 [02],[00],[00],[4c],[61],[04],[c2],[cc]
 [02],[00],[00],[4d],[61],[04],[c2],[cc]
 [02],[00],[00],[4e],[61],[04],[c3],[cc]
 [02],[00],[00],[4f],[61],[04],[c3],[cc]
 [02],[00],[00],[50],[61],[04],[c3],[cc]
 [02],[00],[00],[51],[62],[03],[c3],[cc]
 [02],[00],[00],[52],[62],[04],[c3],[cc]
 [02],[00],[00],[53],[62],[04],[c4],[cc]
 [02],[00],[00],[54],[62],[04],[c4],[cc]
 [02],[00],[00],[55],[62],[04],[c4],[cd]
 [02],[00],[FF],[56],[00],[00],[00],[00]
 [02],[00],[00],[57],[63],[04],[c5],[cd]
 [02],[00],[FF],[58],[00],[00],[00],[00]
 [02],[00],[00],[59],[63],[03],[c5],[cd]
 [02],[00],[FF],[5a],[00],[00],[00],[00]
 [02],[00],[00],[5b],[63],[03],[c5],[cd]
 [02],[00],[00],[5c],[63],[03],[c5],[cd]
 [02],[00],[00],[5d],[63],[03],[c5],[cd]
 [02],[00],[00],[5e],[63],[03],[c5],[cc]
 [02],[00],[00],[5f],[62],[03],[c4],[cc]
 [02],[00],[00],[60],[62],[03],[c4],[cc]
 [02],[00],[00],[61],[62],[03],[c4],[cc]
 [02],[00],[FF],[62],[00],[00],[00],[00]
 [02],[00],[FF],[63],[00],[00],[00],[00]
 [02],[00],[00],[64],[61],[04],[c3],[cc]
 [02],[00],[00],[65],[61],[04],[c3],[cc]
 [02],[00],[00],[66],[61],[04],[c3],[cc]
 [02],[00],[00],[67],[61],[04],[c3],[cc]
 [02],[00],[00],[68],[62],[04],[c3],[cc]
 [02],[00],[00],[69],[62],[03],[c4],[cc]
 [02],[00],[00],[6a],[62],[03],[c4],[cc]
 [02],[00],[00],[6b],[62],[03],[c4],[cc]
 [02],[00],[00],[6c],[62],[03],[c4],[cc]
 [02],[00],[00],[6d],[63],[03],[c5],[cc]
 [02],[00],[FF],[6e],[00],[00],[00],[00]
 [02],[00],[00],[6f],[63],[03],[c5],[cc]
 [02],[00],[00],[70],[63],[03],[c5],[cc]
 [02],[00],[FF],[71],[00],[00],[00],[00]
 [02],[00],[00],[72],[63],[03],[c5],[cd]
 [02],[00],[00],[73],[63],[03],[c5],[cc]
 [02],[00],[00],[74],[63],[03],[c5],[cc]
 [02],[00],[00],[75],[62],[03],[c4],[cc]
 [02],[00],[00],[76],[62],[03],[c4],[cc]
 [02],[00],[FF],[77],[00],[00],[00],[00]
 [02],[00],[FF],[78],[00],[00],[00],[00]
 [02],[00],[FF],[79],[00],[00],[00],[00]
 [02],[00],[00],[7a],[61],[04],[c3],[cc]
 [02],[00],[00],[7b],[61],[04],[c3],[cc]
 [02],[00],[00],[7c],[61],[04],[c3],[cc]
 [02],[00],[00],[7d],[62],[04],[c3],[cc]
 [02],[00],[00],[7e],[62],[04],[c4],[cc]
 [02],[00],[00],[7f],[62],[03],[c4],[cc]
 [02],[00],[00],[80],[62],[03],[c4],[cc]
 [02],[00],[00],[81],[62],[03],[c4],[cc]
 [02],[00],[FF],[82],[00],[00],[00],[00]
 [02],[00],[FF],[83],[00],[00],[00],[00]
 [02],[00],[00],[84],[63],[04],[c5],[cc]
 [02],[00],[00],[85],[63],[03],[c5],[cd]
 [02],[00],[00],[86],[63],[04],[c5],[cd]
 [02],[00],[00],[87],[63],[04],[c5],[cd]
 [02],[00],[00],[88],[63],[04],[c5],[cd]
 [02],[00],[00],[89],[63],[03],[c5],[cd]
 [02],[00],[FF],[8a],[00],[00],[00],[00]
 [02],[00],[00],[8b],[62],[03],[c5],[cc]
 [02],[00],[FF],[8c],[00],[00],[00],[00]
 [02],[00],[FF],[8d],[00],[00],[00],[00]
 [02],[00],[00],[8e],[62],[04],[c3],[cc]
 [02],[00],[00],[8f],[61],[04],[c3],[cc]
 [02],[00],[00],[90],[61],[04],[c3],[cc]
 [02],[00],[00],[91],[61],[04],[c3],[cc]
 [02],[00],[00],[92],[61],[04],[c2],[cc]
 [02],[00],[00],[93],[61],[04],[c3],[cc]
 [02],[00],[00],[94],[61],[04],[c3],[cc]
 [02],[00],[00],[95],[61],[04],[c3],[cc]
 [02],[00],[00],[96],[62],[03],[c3],[cc]
 [02],[00],[00],[97],[62],[04],[c4],[cc]
 [02],[00],[00],[98],[62],[04],[c4],[cc]
 [02],[00],[00],[99],[62],[04],[c4],[cc]
 [02],[00],[FF],[9a],[00],[00],[00],[00]
 [02],[00],[00],[9b],[62],[04],[c4],[cc]
 [02],[00],[00],[9c],[63],[04],[c4],[cd]
 [02],[00],[00],[9d],[63],[04],[c5],[cd]
 [02],[00],[00],[9e],[63],[04],[c5],[cd]
 [02],[00],[00],[9f],[63],[04],[c4],[cd]
 [02],[00],[00],[a0],[63],[04],[c5],[cd]
 [02],[00],[00],[a1],[63],[04],[c5],[cd]
 [02],[00],[00],[a2],[63],[04],[c5],[cd]
 [02],[00],[FF],[a3],[00],[00],[00],[00]
 [02],[00],[00],[a4],[62],[04],[c4],[cc]
 [02],[00],[00],[a5],[62],[04],[c4],[cc]
 [02],[00],[00],[a6],[62],[04],[c4],[cc]
 [02],[00],[00],[a7],[62],[03],[c4],[cc]
 [02],[00],[00],[a8],[62],[04],[c3],[cc]
 [02],[00],[00],[a9],[62],[04],[c4],[cc]
 [02],[00],[FF],[aa],[00],[00],[00],[00]
 [02],[00],[FF],[ab],[00],[00],[00],[00]
 [02],[00],[00],[ac],[62],[04],[c4],[cc]
 [02],[00],[00],[ad],[63],[04],[c5],[cc]
 [02],[00],[00],[ae],[63],[04],[c5],[cc]
 [02],[00],[00],[af],[63],[04],[c5],[cd]
 [02],[00],[00],[b0],[63],[04],[c5],[cd]
 [02],[00],[00],[b1],[63],[04],[c5],[cd]
 [02],[00],[00],[b2],[63],[04],[c5],[cc]
 [02],[00],[00],[b3],[63],[03],[c5],[cc]
 [02],[00],[00],[b4],[62],[03],[c5],[cc]
 [02],[00],[00],[b5],[62],[03],[c4],[cc]
 [02],[00],[00],[b6],[62],[03],[c4],[cc]
 [02],[00],[00],[b7],[62],[03],[c4],[cc]
 [02],[00],[FF],[b8],[00],[00],[00],[00]
 [02],[00],[00],[b9],[62],[04],[c4],[cc]
 [02],[00],[00],[ba],[62],[04],[c4],[cc]
 [02],[00],[00],[bb],[62],[04],[c3],[cc]
 [02],[00],[FF],[bc],[00],[00],[00],[00]
 [02],[00],[00],[bd],[62],[04],[c4],[cc]
 [02],[00],[00],[be],[62],[04],[c4],[cc]
 [02],[00],[00],[bf],[62],[04],[c4],[cc]
 [02],[00],[00],[c0],[63],[04],[c4],[cd]
 [02],[00],[00],[c1],[63],[04],[c5],[cd]
 [02],[00],[00],[c2],[63],[04],[c5],[cd]
 [02],[00],[00],[c3],[63],[04],[c5],[cd]
 [02],[00],[FF],[c4],[00],[00],[00],[00]
 [02],[00],[00],[c5],[63],[04],[c5],[cd]
 [02],[00],[00],[c6],[63],[04],[c5],[cd]
 [02],[00],[00],[c7],[63],[04],[c5],[cc]
 [02],[00],[00],[c8],[62],[04],[c4],[cc]
 [02],[00],[00],[c9],[62],[04],[c4],[cc]
 [02],[00],[00],[ca],[62],[04],[c4],[cc]
 [02],[00],[00],[cb],[62],[04],[c4],[cc]
 [02],[00],[00],[cc],[62],[04],[c3],[cc]
 [02],[00],[00],[cd],[61],[04],[c3],[cc]
 [02],[00],[00],[ce],[61],[04],[c3],[cc]
 [02],[00],[00],[cf],[61],[04],[c3],[cc]
 [02],[00],[00],[d0],[61],[04],[c2],[cc]
 [02],[00],[FF],[d1],[00],[00],[00],[00]
 [02],[00],[00],[d2],[61],[04],[c3],[cc]
 [02],[00],[FF],[d3],[00],[00],[00],[00]
 [02],[00],[00],[d4],[62],[04],[c4],[cc]
 [02],[00],[00],[d5],[63],[04],[c4],[cd]
 [02],[00],[00],[d6],[63],[04],[c5],[cd]
 [02],[00],[00],[d7],[63],[04],[c6],[cd]
 [02],[00],[00],[d8],[63],[04],[c6],[cd]
 [02],[00],[FF],[d9],[00],[00],[00],[00]
 [02],[00],[FF],[da],[00],[00],[00],[00]
 [02],[00],[00],[db],[63],[03],[c5],[cc]
 [02],[00],[00],[dc],[62],[03],[c5],[cc]
 [02],[00],[00],[dd],[62],[03],[c4],[cc]
 [02],[00],[FF],[de],[00],[00],[00],[00]
 [02],[00],[00],[df],[62],[03],[c4],[cc]
 [02],[00],[00],[e0],[62],[04],[c4],[cc]
 [02],[00],[00],[e1],[62],[04],[c4],[cc]
 [02],[00],[00],[e2],[62],[03],[c4],[cc]
 [02],[00],[00],[e3],[62],[03],[c4],[cc]
 [02],[00],[FF],[e4],[00],[00],[00],[00]
 [02],[00],[00],[e5],[63],[03],[c5],[cc]
 [02],[00],[00],[e6],[63],[03],[c5],[cd]
 [02],[00],[00],[e7],[63],[03],[c5],[cd]
 [02],[00],[00],[e8],[63],[04],[c5],[cd]
 [02],[00],[00],[e9],[63],[03],[c6],[cc]
 [02],[00],[00],[ea],[63],[03],[c6],[cc]
 [02],[00],[00],[eb],[63],[03],[c5],[cc]
 [02],[00],[FF],[ec],[00],[00],[00],[00]
 [02],[00],[00],[ed],[62],[03],[c4],[cc]
 [02],[00],[00],[ee],[62],[03],[c4],[cc]
 [02],[00],[00],[ef],[62],[04],[c4],[cc]
 [02],[00],[00],[f0],[62],[04],[c3],[cc]
 [02],[00],[FF],[f1],[00],[00],[00],[00]
 [02],[00],[00],[f2],[61],[04],[c3],[cc]
 [02],[00],[00],[f3],[61],[04],[c3],[cc]
 [02],[00],[00],[f4],[61],[04],[c3],[cc]
 [02],[00],[00],[f5],[61],[04],[c3],[cc]
 [02],[00],[00],[f6],[62],[04],[c3],[cc]
 [02],[00],[00],[f7],[62],[04],[c3],[cc]
 [02],[00],[00],[f8],[62],[04],[c3],[cc]
 [02],[00],[00],[f9],[62],[04],[c4],[cc]
 [02],[00],[FF],[fa],[00],[00],[00],[00]
 [02],[00],[00],[fb],[62],[04],[c4],[cc]
 [02],[00],[00],[fc],[62],[04],[c5],[cc]
 [02],[00],[00],[fd],[63],[04],[c5],[cc]
 [02],[00],[00],[fe],[63],[04],[c5],[cc]
 [02],[00],[00],[ff],[63],[04],[c5],[cc]
 [02],[00],[00],[0],[62],[04],[c4],[cc]
 [02],[00],[00],[1],[62],[04],[c4],[cc]
 [02],[00],[00],[2],[62],[04],[c4],[cc]
 [02],[00],[00],[3],[62],[04],[c4],[cc]
 [02],[00],[00],[4],[61],[04],[c3],[cc]
 [02],[00],[00],[5],[61],[04],[c3],[cc]
 [02],[00],[00],[6],[61],[04],[c3],[cc]
 [02],[00],[00],[7],[62],[04],[c4],[cc]
 [02],[00],[00],[8],[62],[04],[c4],[cc]
 [02],[00],[00],[9],[62],[04],[c5],[cc]
 [02],[00],[00],[a],[62],[04],[c5],[cc]
 [02],[00],[00],[b],[63],[04],[c5],[cc]
 [02],[00],[00],[c],[63],[04],[c5],[cc]
 [02],[00],[FF],[d],[00],[00],[00],[00]
 [02],[00],[00],[e],[63],[04],[c5],[cc]
 [02],[00],[00],[f],[62],[04],[c4],[cc]
 [02],[00],[FF],[10],[00],[00],[00],[00]
 [02],[00],[00],[11],[62],[04],[c3],[cc]
 [02],[00],[00],[12],[61],[04],[c3],[cc]
 [02],[00],[00],[13],[61],[04],[c2],[cc]
 [02],[00],[00],[14],[61],[04],[c2],[cc]
 [02],[00],[00],[15],[61],[04],[c2],[cc]
 [02],[00],[00],[16],[60],[05],[c1],[cc]
 [02],[00],[00],[17],[60],[05],[c1],[cc]
 [02],[00],[00],[18],[60],[05],[c0],[cc]
 [02],[00],[00],[19],[60],[05],[c0],[cc]
 [02],[00],[00],[1a],[5f],[05],[c0],[cc]
 [02],[00],[00],[1b],[5f],[06],[c0],[cc]
 [02],[00],[00],[1c],[5f],[06],[c0],[cc]
 [02],[00],[FF],[1d],[00],[00],[00],[00]
 [02],[00],[00],[1e],[60],[05],[c0],[cd]
 [02],[00],[00],[1f],[60],[05],[c0],[cd]
 [02],[00],[00],[20],[60],[05],[c0],[cd]
 [02],[00],[00],[21],[60],[05],[c0],[cd]
 [02],[00],[00],[22],[60],[05],[c0],[cd]
 [02],[00],[00],[23],[60],[05],[c1],[cd]
 [02],[00],[00],[24],[61],[04],[c2],[cc]
 [02],[00],[00],[25],[61],[04],[c2],[cc]
 [02],[00],[FF],[26],[00],[00],[00],[00]
 [02],[00],[00],[27],[62],[04],[c4],[cc]
 [02],[00],[00],[28],[62],[04],[c4],[cc]
 [02],[00],[00],[29],[63],[04],[c5],[cc]
 [02],[00],[00],[2a],[63],[04],[c5],[cc]
 [02],[00],[00],[2b],[63],[04],[c5],[cc]
 [02],[00],[00],[2c],[63],[04],[c5],[cc]
 [02],[00],[00],[2d],[63],[04],[c5],[cc]
 [02],[00],[00],[2e],[62],[04],[c5],[cc]
 [02],[00],[00],[2f],[62],[04],[c5],[cc]
 [02],[00],[00],[30],[63],[04],[c5],[cc]
 [02],[00],[00],[31],[62],[04],[c5],[cc]
 [02],[00],[00],[32],[62],[04],[c5],[cc]
 [02],[00],[00],[33],[62],[04],[c5],[cc]
 [02],[00],[00],[34],[62],[04],[c4],[cc]
 [02],[00],[00],[35],[62],[04],[c4],[cc]
 [02],[00],[00],[36],[62],[04],[c4],[cc]
 [02],[00],[00],[37],[62],[04],[c4],[cc]
 [02],[00],[00],[38],[62],[04],[c3],[cc]
 [02],[00],[00],[39],[62],[04],[c3],[cc]
 [02],[00],[FF],[3a],[00],[00],[00],[00]
 [02],[00],[00],[3b],[62],[04],[c4],[cc]
 [02],[00],[FF],[3c],[00],[00],[00],[00]
 [02],[00],[FF],[3d],[00],[00],[00],[00]
 [02],[00],[00],[3e],[62],[04],[c4],[cc]
 [02],[00],[FF],[3f],[00],[00],[00],[00]
 [02],[00],[00],[40],[62],[04],[c4],[cc]
 [02],[00],[00],[41],[62],[04],[c4],[cc]
 [02],[00],[00],[42],[62],[04],[c4],[cc]
 [02],[00],[00],[43],[62],[04],[c4],[cc]
 [02],[00],[FF],[44],[00],[00],[00],[00]
 [02],[00],[FF],[45],[00],[00],[00],[00]
 [02],[00],[00],[46],[62],[04],[c5],[cc]
 [02],[00],[00],[47],[63],[04],[c5],[cc]
 [02],[00],[00],[48],[63],[04],[c5],[cc]
 [02],[00],[00],[49],[63],[04],[c5],[cc]
 [02],[00],[00],[4a],[63],[04],[c5],[cc]
 [02],[00],[00],[4b],[63],[04],[c5],[cc]
 [02],[00],[00],[4c],[63],[04],[c5],[cd]
 [02],[00],[00],[4d],[63],[04],[c5],[cc]
 [02],[00],[00],[4e],[63],[04],[c5],[cd]
 [02],[00],[00],[4f],[63],[04],[c5],[cd]
 [02],[00],[00],[50],[63],[04],[c4],[cd]
 [02],[00],[00],[51],[62],[04],[c4],[cd]
 [02],[00],[00],[52],[62],[04],[c4],[cd]
 [02],[00],[00],[53],[62],[04],[c4],[cc]
 [02],[00],[00],[54],[62],[04],[c4],[cc]
 [02],[00],[00],[55],[63],[04],[c5],[cc]
 [02],[00],[00],[56],[63],[04],[c5],[cc]
 [02],[00],[00],[57],[63],[04],[c5],[cc]
 [02],[00],[FF],[58],[00],[00],[00],[00]
 [02],[00],[00],[59],[63],[04],[c5],[cc]
 [02],[00],[00],[5a],[63],[04],[c5],[cc]
 [02],[00],[00],[5b],[63],[04],[c6],[cc]
 [02],[00],[00],[5c],[63],[04],[c6],[cc]
 [02],[00],[00],[5d],[63],[04],[c6],[cc]
 [02],[00],[00],[5e],[63],[04],[c6],[cc]
 [02],[00],[00],[5f],[63],[04],[c5],[cc]
 [02],[00],[00],[60],[63],[04],[c5],[cd]
 [02],[00],[00],[61],[62],[04],[c4],[cd]
 [02],[00],[00],[62],[62],[04],[c4],[cd]
 [02],[00],[00],[63],[62],[04],[c3],[cd]
 [02],[00],[00],[64],[62],[04],[c3],[cd]
 [02],[00],[00],[65],[62],[04],[c3],[cd]
 [02],[00],[00],[66],[62],[04],[c3],[cc]
 [02],[00],[00],[67],[62],[04],[c3],[cc]
 [02],[00],[00],[68],[62],[04],[c4],[cc]
 [02],[00],[00],[69],[62],[04],[c4],[cd]
 [02],[00],[00],[6a],[63],[04],[c5],[cd]
 [02],[00],[00],[6b],[63],[04],[c5],[cc]
 [02],[00],[00],[6c],[63],[04],[c5],[cc]
 [02],[00],[00],[6d],[63],[04],[c5],[cc]
 [02],[00],[00],[6e],[63],[04],[c5],[cd]
 [02],[00],[00],[6f],[63],[04],[c5],[cd]
 [02],[00],[00],[70],[63],[04],[c5],[cd]
 [02],[00],[00],[71],[63],[04],[c5],[cd]
 [02],[00],[00],[72],[63],[04],[c5],[cd]
 [02],[00],[00],[73],[63],[04],[c5],[cd]
 [02],[00],[00],[74],[63],[04],[c5],[cd]
 [02],[00],[00],[75],[63],[04],[c5],[cd]
 [02],[00],[00],[76],[63],[04],[c5],[cd]
 [02],[00],[00],[77],[63],[04],[c5],[cd]
 [02],[00],[00],[78],[63],[03],[c5],[cd]
 [02],[00],[00],[79],[63],[04],[c5],[cd]
 [02],[00],[00],[7a],[63],[04],[c5],[cd]
 [02],[00],[FF],[7b],[00],[00],[00],[00]
 [02],[00],[00],[7c],[63],[04],[c5],[cd]
 [02],[00],[00],[7d],[63],[04],[c5],[cd]
 [02],[00],[00],[7e],[63],[04],[c5],[cd]
 [02],[00],[00],[7f],[63],[04],[c5],[cd]
 [02],[00],[00],[80],[63],[04],[c5],[cd]
 [02],[00],[00],[81],[63],[04],[c5],[cd]
 [02],[00],[00],[82],[63],[03],[c5],[cd]
 [02],[00],[00],[83],[64],[03],[c6],[cd]
 [02],[00],[00],[84],[64],[02],[c6],[cd]
 [02],[00],[00],[85],[64],[02],[c6],[cd]
 [02],[00],[00],[86],[64],[02],[c5],[ce]
 [02],[00],[00],[87],[64],[02],[c5],[ce]
 [02],[00],[00],[88],[64],[02],[c6],[ce]
 [02],[00],[00],[89],[64],[02],[c6],[ce]
 [02],[00],[00],[8a],[64],[03],[c6],[ce]
 [02],[00],[00],[8b],[65],[03],[c6],[ce]
 [02],[00],[00],[8c],[64],[03],[c6],[ce]
 [02],[00],[FF],[8d],[00],[00],[00],[00]
 [02],[00],[FF],[8e],[00],[00],[00],[00]
 [02],[00],[00],[8f],[63],[03],[c5],[ce]
 [02],[00],[00],[90],[63],[03],[c4],[cd]
 [02],[00],[00],[91],[62],[03],[c4],[cd]
 [02],[00],[00],[92],[63],[03],[c4],[cd]
 [02],[00],[00],[93],[63],[03],[c4],[cd]
 [02],[00],[00],[94],[63],[03],[c4],[cd]
 [02],[00],[00],[95],[63],[03],[c4],[ce]
 [02],[00],[00],[96],[63],[03],[c4],[cd]
 [02],[00],[00],[97],[63],[03],[c4],[cd]
 [02],[00],[00],[98],[63],[03],[c4],[cd]
 [02],[00],[00],[99],[63],[03],[c4],[cd]
 [02],[00],[00],[9a],[63],[03],[c4],[cd]
 [02],[00],[00],[9b],[63],[03],[c4],[cd]
 [02],[00],[00],[9c],[63],[03],[c4],[cd]
 [02],[00],[00],[9d],[63],[03],[c4],[cd]
 [02],[00],[00],[9e],[63],[03],[c5],[cd]
 [02],[00],[00],[9f],[63],[03],[c5],[cd]
 [02],[00],[00],[a0],[64],[03],[c5],[ce]
 [02],[00],[00],[a1],[64],[03],[c5],[ce]
 [02],[00],[00],[a2],[64],[03],[c5],[ce]
 [02],[00],[FF],[a3],[00],[00],[00],[00]
 [02],[00],[00],[a4],[63],[03],[c5],[ce]
 [02],[00],[00],[a5],[63],[03],[c4],[ce]
 [02],[00],[00],[a6],[63],[03],[c4],[ce]
 [02],[00],[00],[a7],[62],[04],[c3],[ce]
 [02],[00],[00],[a8],[63],[04],[c3],[ce]
 [02],[00],[00],[a9],[62],[04],[c3],[ce]
 [02],[00],[00],[aa],[62],[04],[c2],[ce]
 [02],[00],[00],[ab],[62],[04],[c2],[ce]
 [02],[00],[00],[ac],[62],[04],[c2],[ce]
 [02],[00],[00],[ad],[62],[04],[c2],[ce]
 [02],[00],[00],[ae],[62],[04],[c2],[ce]
 [02],[00],[FF],[af],[00],[00],[00],[00]
 [02],[00],[FF],[b0],[00],[00],[00],[00]
 [02],[00],[FF],[b1],[00],[00],[00],[00]
 [02],[00],[FF],[b2],[00],[00],[00],[00]
 [02],[00],[FF],[b3],[00],[00],[00],[00]
 [02],[00],[FF],[b4],[00],[00],[00],[00]
 [02],[00],[FF],[b5],[00],[00],[00],[00]
 [02],[00],[FF],[b6],[00],[00],[00],[00]
 [02],[00],[FF],[b7],[00],[00],[00],[00]
 [02],[00],[FF],[b8],[00],[00],[00],[00]
 [02],[00],[FF],[b9],[00],[00],[00],[00]
 [02],[00],[FF],[ba],[00],[00],[00],[00]
 [02],[00],[FF],[bb],[00],[00],[00],[00]
 [02],[00],[00],[bc],[62],[04],[c3],[cd]
 [02],[00],[FF],[bd],[00],[00],[00],[00]
 [02],[00],[FF],[be],[00],[00],[00],[00]
 [02],[00],[FF],[bf],[00],[00],[00],[00]
 [02],[00],[FF],[c0],[00],[00],[00],[00]
 [02],[00],[FF],[c1],[00],[00],[00],[00]
 [02],[00],[FF],[c2],[00],[00],[00],[00]
 [02],[00],[FF],[c3],[00],[00],[00],[00]
 [02],[00],[FF],[c4],[00],[00],[00],[00]
 [02],[00],[FF],[c5],[00],[00],[00],[00]
 [02],[00],[FF],[c6],[00],[00],[00],[00]
 [02],[00],[FF],[c7],[00],[00],[00],[00]
 [02],[00],[FF],[c8],[00],[00],[00],[00]
 [02],[00],[FF],[c9],[00],[00],[00],[00]
 [02],[00],[FF],[ca],[00],[00],[00],[00]
 [02],[00],[FF],[cb],[00],[00],[00],[00]
 [02],[00],[FF],[cc],[00],[00],[00],[00]
 [02],[00],[FF],[cd],[00],[00],[00],[00]
 [02],[00],[FF],[ce],[00],[00],[00],[00]
 [02],[00],[FF],[cf],[00],[00],[00],[00]
 [02],[00],[FF],[d0],[00],[00],[00],[00]
 [02],[00],[FF],[d1],[00],[00],[00],[00]
 [02],[00],[FF],[d2],[00],[00],[00],[00]
 [02],[00],[FF],[d3],[00],[00],[00],[00]
 [02],[00],[FF],[d4],[00],[00],[00],[00]
 [02],[00],[FF],[d5],[00],[00],[00],[00]
 [02],[00],[FF],[d6],[00],[00],[00],[00]
 [02],[00],[FF],[d7],[00],[00],[00],[00]
 [02],[00],[00],[d8],[63],[04],[c5],[cc]
 [02],[00],[FF],[d9],[00],[00],[00],[00]
 [02],[00],[FF],[da],[00],[00],[00],[00]
 [02],[00],[FF],[db],[00],[00],[00],[00]
 [02],[00],[FF],[dc],[00],[00],[00],[00]
 [02],[00],[FF],[dd],[00],[00],[00],[00]
 [02],[00],[FF],[de],[00],[00],[00],[00]
 [02],[00],[FF],[df],[00],[00],[00],[00]
 [02],[00],[FF],[e0],[00],[00],[00],[00]
 [02],[00],[FF],[e1],[00],[00],[00],[00]
 [02],[00],[FF],[e2],[00],[00],[00],[00]
 [02],[00],[00],[e3],[62],[04],[c4],[cc]
 [02],[00],[FF],[e4],[00],[00],[00],[00]
 [02],[00],[FF],[e5],[00],[00],[00],[00]
 [02],[00],[FF],[e6],[00],[00],[00],[00]
 [02],[00],[00],[e7],[63],[04],[c6],[cc]
 [02],[00],[FF],[e8],[00],[00],[00],[00]
 [02],[00],[FF],[e9],[00],[00],[00],[00]
 [02],[00],[FF],[ea],[00],[00],[00],[00]
 [02],[00],[FF],[eb],[00],[00],[00],[00]
 [02],[00],[FF],[ec],[00],[00],[00],[00]
 [02],[00],[FF],[ed],[00],[00],[00],[00]
 [02],[00],[FF],[ee],[00],[00],[00],[00]
 [02],[00],[FF],[ef],[00],[00],[00],[00]
 [02],[00],[FF],[f0],[00],[00],[00],[00]
 [02],[00],[FF],[f1],[00],[00],[00],[00]
 [02],[00],[FF],[f2],[00],[00],[00],[00]
 [02],[00],[FF],[f3],[00],[00],[00],[00]
 [02],[00],[FF],[f4],[00],[00],[00],[00]
 [02],[00],[00],[f5],[62],[04],[c4],[cc]
 [02],[00],[FF],[f6],[00],[00],[00],[00]
 [02],[00],[FF],[f7],[00],[00],[00],[00]
 [02],[00],[FF],[f8],[00],[00],[00],[00]
 [02],[00],[FF],[f9],[00],[00],[00],[00]
 [02],[00],[FF],[fa],[00],[00],[00],[00]
 [02],[00],[FF],[fb],[00],[00],[00],[00]
 [02],[00],[FF],[fc],[00],[00],[00],[00]
 [02],[00],[00],[fd],[62],[04],[c4],[cc]
 [02],[00],[00],[fe],[62],[04],[c4],[cc]
 [02],[00],[FF],[ff],[00],[00],[00],[00]
